No., Código Dpto.,CódigoMunicipio, Código Institución Educativa, Nombre,  Dirección,Ubicación en Mapa, Teléfono, Nombre Rector, Tipo Establecimiento, Sector, Zona, Jornadas, Niveles, Grados, Modelos Educativos,  Capacidades Excepcionales, Discapacidades, Idiomas, Número de Sedes, Estado, Calendario, Correo Electrónico
1,76,76520,376520004041,INSTITUTO DE FORMACION LA PAZ,Calle 27 #33 -20,"(3.525054, -76.3037)",3113429111,PATRICIA ZUÑIGA,CENTRO EDUCATIVO,NO OFICIAL,URBANA,MAÑANA,"PREESCOLAR,BÁSICA PRIMARIA","-2,-1,0,1,2,3,4,5",EDUCACIÓN TRADICIONAL,,NO APLICA,,1,ANTIGUO-ACTIVO,B,inforlapaz@yahoo.com
2,76,76520,376520007105,LICEO MADRE ELISA,Carrera 20 # 27 - 24,"(3.523759, -76.292488)",2864080-3178600216,(HNA)FABIOLA PUERTA AGUIRRE,INSTITUCION EDUCATIVA,NO OFICIAL,URBANA,"MAÑANA,TARDE","PREESCOLAR,MEDIA,BÁSICA SECUNDARIA ,BÁSICA PRIMARIA,PRIMERA INFANCIA","-3,-2,-1,0,1,2,3,4,5,6,7,8,9,10,11",EDUCACIÓN TRADICIONAL,,NO APLICA,INGLÉS,1,ANTIGUO-ACTIVO,B,liceomadreelisa@yahoo.com
3,76,76520,476520002159,COLEGIO ICA DANIEL SARRIA VILLANO,Calle 23 # 38 - 25,"(3.521201, -76.308963)",2745420-3137370803,CLARA INES ROJAS ROJAS,CENTRO EDUCATIVO,NO OFICIAL,URBANA,COMPLETA,"PREESCOLAR,BÁSICA PRIMARIA","-1,0,1,2,3,4,5",EDUCACIÓN TRADICIONAL,,DI-COGNITIVO,,1,ANTIGUO-ACTIVO,A,eliss2727@hotmail.com colegioica@hotmail.com
4,76,76520,376520005048,JARDIN INFANTIL LA RANA RENE,Calle 32 # 16 - 79,"(3.527944, -76.289167)",3154277155,ADRIANA LOZANO CAPOTE,CENTRO EDUCATIVO,NO OFICIAL,URBANA,,,,,,DI-COGNITIVO,INGLÉS,1,CIERRE TEMPORAL,B,adrianaloz55@yahoo.com
5,76,76520,376520006109,LICEO LOS AMIGOS DE JESUS,Calle 32 # 31 58,"(3.529297, -76.301751)",,NORLY CARABALI,CENTRO EDUCATIVO,NO OFICIAL,URBANA,,,,,,NO APLICA,INGLÉS,1,CIERRE DEFINITIVO,B,
6,76,76520,376520005722,LICEO LOS ALPES,Calle 34 # 25 47,"(3.53081, -76.296078)",2724535,CONSTANZA ARANA,CENTRO EDUCATIVO,NO OFICIAL,URBANA,,,,,,DI-COGNITIVO,INGLÉS,1,CIERRE DEFINITIVO,B,
7,76,76520,376520004572,TRES OSITOS,Calle 24 # 31 09,"(3.522279, -76.302586)",2732227,ELIZABETH OSPINA,CENTRO EDUCATIVO,NO OFICIAL,URBANA,,,,,,,,1,CIERRE DEFINITIVO,B,
8,76,76520,376520007081,INSTITUTO VERMONT,Carrera 46a # 49 07,"(3.543686, -76.318053)",2815194,CLARA INES CAICEDO,CENTRO EDUCATIVO,NO OFICIAL,URBANA,,,,,,,INGLÉS,1,CIERRE DEFINITIVO,B,
9,76,76520,376520005528,CENTRO EDUCATIVO SEMILLITAS DE PAZ,Calle 36 # 28 41,"(3.532808, -76.298355)",2735345,LUZ MIRIAM ORDONEZ,CENTRO EDUCATIVO,NO OFICIAL,URBANA,COMPLETA,PREESCOLAR,-3,EDUCACIÓN TRADICIONAL,,NO APLICA,INGLÉS,1,ANTIGUO-ACTIVO,B,
10,76,76520,376520004645,LICEO INFANTIL SAN GABRIEL,CL 33 26 50,"(3.530125, -76.297092)","2735743 - 2726016-
3174411665-3174411665","KATTY RUTH ROBAYO
 VARGAS",CENTRO EDUCATIVO,NO OFICIAL,URBANA,COMPLETA,"PREESCOLAR,BÁSICA PRIMARIA","-2,-1,0,1,2,3,4,5",EDUCACIÓN TRADICIONAL,,NO APLICA,INGLÉS,1,ANTIGUO-ACTIVO,B,Liceo_sangabriel@hotmail.com
11,76,76520,376520006451,LICEO PEDAGOGICO EMANUEL,Trasversal 30 #  6E - 33,"(3.506579, -76.303621)",2755649-3165180980,SORAYA TASCON FLORES,CENTRO EDUCATIVO,NO OFICIAL,URBANA,"MAÑANA,TARDE","PREESCOLAR,BÁSICA PRIMARIA","0,1,2,3,4,5",EDUCACIÓN TRADICIONAL,,NO APLICA,INGLÉS,1,ANTIGUO-ACTIVO,B,fundacionjordancito@hotmail.com
12,76,76520,476520007207,COLEGIO MILITAR ALMIRANTE COLON,Calle 53 # 1 - 27 Palmaseca,"(3.50864, -76.434738)", 4467374-3122024806,"GLADYS RODRIGUEZ 
BETANCOUR","INSTITUCION 
EDUCATIVA",NO OFICIAL,URBANA,MAÑANA,"PREESCOLAR,MEDIA,BÁSICA SECUNDARIA,BÁSICA PRIMARIA","-2,-1,0,1,2,3,4,5,6,7,8,9,10,11",EDUCACIÓN TRADICIONAL,,NO APLICA,INGLÉS,1,NUEVO-ACTIVO,B,nana-amador@hotmail.com
13,76,76520,376520006036,LICEO MIS ANGELITOS TRAVIESOS,Cra. 26 # 19-63,"(3.518225, -76.298677)",3155759104,"MARIA TERESA MONTOYA 
MURILLO",CENTRO EDUCATIVO,NO OFICIAL,URBANA,MAÑANA,"PREESCOLAR,BÁSICA PRIMARIA,PRIMERA INFANCIA","-3,-2,-1,0,1,2,3,4,5",EDUCACIÓN TRADICIONAL,,,,1,ANTIGUO-ACTIVO,B,misangelitostraviesos09@hotmail.com
14,76,76520,376520007385,LICEO CRISTIANO MANANTIAL DE SABIDURIA,Calle 52 # 37c - 32,"(3.545288, -76.310594)",2807635,ELDA YOBANA VIVAS ,CENTRO EDUCATIVO,NO OFICIAL,URBANA,,,,,,,INGLÉS,1,CIERRE TEMPORAL,B,
15,76,76520,376520007555,JARDÍN INFANTIL MENINOS,Calle 24 # 19-20,"(3.521726, -76.291694)",3154374907,MAHELINE BURITICA,CENTRO EDUCATIVO,NO OFICIAL,URBANA,MAÑANA,"PREESCOLAR,PRIMERA INFANCIA",-6,EDUCACIÓN TRADICIONAL,,,,1,NUEVO-ACTIVO,A,kaviangelito@hotmail.com jardininfantilmeninos@hotmail.com 
16,76,76520,376520007750,LICEO INFANTIL MUNDO MEJOR,Carrera 40 # 96A - 138 Ciudad del Campo,"(3.458488, -76.462469)",3163069975,"PAULA ANDREA MUÑOZ 
ROLDAN",CENTRO EDUCATIVO,NO OFICIAL,URBANA,"MAÑANA,TARDE",PREESCOLAR,-3,EDUCACIÓN TRADICIONAL,,,,1,NUEVO-ACTIVO,A,liceomundomejor@hotmail.es
17,76,76520,376520007741,LICEO LA GRANJA DEL SABER Y EL APRENDER,Calle 31 # 40 - 21,"(3.529634, -76.310157)",2866777-3175552155,"LORENA ISABEL RAMIREZ 
MONTERO",CENTRO EDUCATIVO,NO OFICIAL,URBANA,"MAÑANA,TARDE",PREESCOLAR,-3,EDUCACIÓN TRADICIONAL,,,,1,NUEVO-ACTIVO,A,lagranjadelsaber@outlook.es
18,76,76520,376520007601,LICEO PEDAGÓGICO LOS ALPES,Calle 34 # 21 - 60,"(3.530403, -76.293003)",2739211-3154670482,"ALEXANDRA AGUDELO
 SARMIENTO",CENTRO EDUCATIVO,NO OFICIAL,URBANA,COMPLETA,"PREESCOLAR,PRIMERA INFANCIA",-6,EDUCACIÓN TRADICIONAL,,,,1,NUEVO-ACTIVO,B,alexanasar@hotmail.com
19,76,76520,376520007644,LICEO PEQUEÑOS SABIOS L.P.S.,Carrera 29 # 33 - 74,"(3.531017, -76.29912)",3165545152,"ERIKA NATALIA HURTADO 
GOMEZ",CENTRO EDUCATIVO,NO OFICIAL,URBANA,MAÑANA,PREESCOLAR,-3,EDUCACIÓN TRADICIONAL,,,,1,NUEVO-ACTIVO,B,nataliahurtadog@gmail.com
20,76,76520,376520007725,LICEO PSICOPEDAGOGICO VALIENTES,Carrera 29 # 25 - 66,"(3.523353, -76.300333)",3003239869,"ANDRES FELIPE CASTRO
 HERNANDEZ",CENTRO EDUCATIVO,NO OFICIAL,URBANA,MAÑANA,"PREESCOLAR,BÁSICA PRIMARIA","-2,-1,0,1,2,3,4,5",EDUCACIÓN TRADICIONAL,,,,1,NUEVO-ACTIVO,B,gladys_mafla@hotmail.com
21,76,76520,376520005943,LICEO NUEVA GENERACIÓN,Carrera 36a # 25 - 16,"(3.523311, -76.308546)",2870808,"GLORIA MILDRED VANEGAS
 POLANIA",CENTRO EDUCATIVO,NO OFICIAL,URBANA,"MAÑANA,TARDE","PREESCOLAR,BÁSICA PRIMARIA,PRIMERA INFANCIA","-3,-2,-1,0,1,2,3,4,5",EDUCACIÓN TRADICIONAL,,DI-COGNITIVO,,1,ANTIGUO-ACTIVO,A,liceonuevageneracion8@hotmail.com mildredv38@hotmail.com
22,76,76520,376520038025,DELFINES LICEO BILINGUE INTEGRAL,Carrera 28 # 38 - 22,"(3.534882, -76.29771)",2809410,ERICKA RAGEL PEJENDINO,CENTRO EDUCATIVO,NO OFICIAL,URBANA,,,,,,,INGLÉS,1,CIERRE DEFINITIVO,B,orodaetamente@hotmail.com
23,76,76520,376520003517,COLEGIO NUEVO EDEN,Carrera 26 # 37 - 58,"(3.533806, -76.296077)",2721118-3006085418,"LUZ MARINA ROJAS
 RODRIGUEZ",CENTRO EDUCATIVO,NO OFICIAL,URBANA,COMPLETA,"PREESCOLAR,BÁSICA PRIMARIA","-2,-1,0,1,2,3,4,5","ESCUELA NUEVA,

EDUCACIÓN TRADICIONAL",,"LESIÓN
 NEUROMUSCULAR",INGLÉS,1,ANTIGUO-ACTIVO,A,gpcb@hotmail.com -- nuevo.eden@hotmail.com
24,76,76520,376520006303,JARDIN INFANTIL MI PEQUEÑO ARCO IRIS,Carrera 42 # 38a-05,"(3.535541, -76.312858)",3157610467-2879622,ISABEL MUÑOZ MENDOZA,CENTRO EDUCATIVO,NO OFICIAL,URBANA,"MAÑANA,TARDE","PREESCOLAR,BÁSICA PRIMARIA,PRIMERA INFANCIA","-3,-2,-1,0,1,2,3,4,5",EDUCACIÓN TRADICIONAL,,,,1,ANTIGUO-ACTIVO,A,lospequesarcoiris@hotmail.com
25,76,76520,376520005731,COLEGIO INFANTIL SOL NACIENTE,Carrera 30 # 25 - 39,"(3.523315, -76.301411)",2721129,ELIZABETH MONTAÑA DIAZ,CENTRO EDUCATIVO,NO OFICIAL,URBANA,,,,,,,,1,CIERRE DEFINITIVO,B,
26,76,76520,376520006761,LICEO MAYOR JOSE MARTI,Calle 37  # 9 - 36,"(3.533789, -76.282622)",2867187-3206748917,"JULIETH CEBALLOS
 MOSCOSO",CENTRO EDUCATIVO,NO OFICIAL,URBANA,"MAÑANA,TARDE","PREESCOLAR,BÁSICA PRIMARIA","-2,-1,0,1,2,3,4,5",EDUCACIÓN TRADICIONAL,,"LESIÓN 
NEUROMUSCULAR",INGLÉS,1,ANTIGUO-ACTIVO,A,colegioliceomayorjosemarti@hotmail.com
27,76,76520,376520000453,INSTITUTO SANTA INES,Carrera 21 # 32 - 56,"(3.528739, -76.292735)",2725378,"MARIA DIENY
 LOPEZ",INSTITUCION EDUCATIVA,NO OFICIAL,URBANA,,,,,,,,1,CIERRE TEMPORAL,B,Santa_Ines2@Hotmail.com
28,76,76520,376520005544,LICEO INFANTIL ESCALERITAS,Calle 51 # 34a - 33,"(3.544998, -76.30297)",2709375-3173816905,"LUCILA
 MURILLO JAIMES",CENTRO EDUCATIVO,NO OFICIAL,URBANA,COMPLETA,"PREESCOLAR,BÁSICA PRIMARIA,PRIMERA INFANCIA","-3,-2,-1,0,1,2,3,4,5",EDUCACIÓN TRADICIONAL,,NO APLICA,INGLÉS,1,ANTIGUO-ACTIVO,B,liceoescaleritas@hotmail.com
29,76,76520,376520006095,JARDIN INFANTIL MONY,Calle 55a # 42 - 08,"(3.54718, -76.313013)",2749929,"ELIZABETH 
BETES
 VARELA",CENTRO EDUCATIVO,NO OFICIAL,URBANA,COMPLETA,"PREESCOLAR,BÁSICA PRIMARIA","-2,-1,0,1",EDUCACIÓN TRADICIONAL,,NO APLICA,INGLÉS,1,ANTIGUO-ACTIVO,B,
30,76,76520,376520007318,LICEO PEDAGOGICO PASO A PASO,Calle 34 # 21 - 60,"(3.530403, -76.293003)",2739211,"MAGNOLIA 
GARCIA",CENTRO EDUCATIVO,NO OFICIAL,URBANA,MAÑANA,PREESCOLAR,-3,EDUCACIÓN TRADICIONAL,,"DI-COGNITIVO,LESIÓN 
NEUROMUSCULAR",INGLÉS,1,NUEVO-ACTIVO,B,liceopasoapaso@hotmail.com
31,76,76520,376520006621,JARDIN INFANTIL HUELLITAS,Calle 31 # 1 Este - 69,"(3.525149, -76.277225)",2737570,"CLAUDIA
 PATRICIA
 PEÑA",CENTRO EDUCATIVO,NO OFICIAL,URBANA,"MAÑANA,TARDE",PREESCOLAR,-3,EDUCACIÓN TRADICIONAL,,DI-COGNITIVO,INGLÉS,1,ANTIGUO-ACTIVO,A,
32,76,76520,376520007245,GIMNASIO PSICOPEDAGICO DEL GRAN VALLE,Calle 31 # 38a - 32,"(3.5295, -76.308919)",2810267,"IVONNE 
ARANGO",CENTRO EDUCATIVO,NO OFICIAL,URBANA,TARDE,"PREESCOLAR,BÁSICA PRIMARIA","-2,-1,0,1,2,3,4,5",EDUCACIÓN TRADICIONAL,,NO APLICA,INGLÉS,1,ANTIGUO-ACTIVO,B,
33,76,76520,376520005781,COLEGIO COMFANDI REGIONAL PALMIRA,Carrera 33a # 26 - 42,"(3.524578, -76.304565)",2705800 ext 37333- 3165224204-3217102905,LAURA MILENA MARMOLEJO DELGADO,INSTITUCION EDUCATIVA,NO OFICIAL,URBANA,"MAÑANA,NOCTURNA,FIN DE SEMANA","MEDIA,BÁSICA SECUNDARIA,BÁSICA PRIMARIA","6,7,8,9,10,11,21,22,23,24,25,26","PROGRAMA PARA JÓVENES EN EXTRAEDAD  Y ADULTOS,EDUCACIÓN TRADICIONAL",,NO APLICA,INGLÉS,1,ANTIGUO-ACTIVO,OTRO,directorcolegiopalmira@comfandi.com.co
34,76,76520,476520005646,LICEO CONSTRUCTORES DE SABIDURIA,Calle 23 # 26 - 59,"(3.520859, -76.298751)",2706770-3185547039,"DEBORA
 MINA
 FORY",INSTITUCION EDUCATIVA,NO OFICIAL,URBANA,MAÑANA,"PREESCOLAR,MEDIA,BÁSICA SECUNDARIA,BÁSICA PRIMARIA","-2,-1,0,1,2,3,4,5,6,7,8,9,10,11",EDUCACIÓN TRADICIONAL,,NO APLICA,INGLÉS,1,ANTIGUO-ACTIVO,A,liceoconstructoresdesabiduria@hotmail.com
35,76,76520,376520001395,INSTITUCION EDUCATIVA COLOMBO ESPAÑOL ALFEREZ REAL,Calle 30 # 31 - 78,"(3.527439, -76.302236)",2722310-3158612742,"CLARA
 EUGENIA 
CIFUENTES 
FAJARDO",INSTITUCION EDUCATIVA,NO OFICIAL,URBANA,"MAÑANA,NOCTURNA,FIN DE SEMANA","MEDIA,BÁSICA SECUNDARIA,BÁSICA PRIMARIA","1,2,3,4,5,6,7,8,9,10,11,23,24,25,26","PROGRAMA PARA JÓVENES EN 
EXTRAEDAD Y ADULTOS,EDUCACIÓN TRADICIONAL",,"DI-COGNITIVO,LESIÓN 

NEUROMUSCULAR,HIPOACUSIA O BAJA AUDICIÓN",INGLÉS,1,ANTIGUO-ACTIVO,B,institutoalferezreal@hotmail.com
36,76,76520,376520005145,LICEO TECNICO COMERCIAL AVANCEMOS,Carrera 31 # 27 - 49,"(3.525233, -76.301966)",2736898 - 2726306-3162885461,"BLANCA
 NIDIA 
YEPES SOTO",INSTITUCION EDUCATIVA,NO OFICIAL,URBANA,"MAÑANA,TARDE","PREESCOLAR,MEDIA,BÁSICA SECUNDARIA,BÁSICA PRIMARIA,PRIMERA INFANCIA","-3,-2,-1,0,1,2,3,4,5,6,7,8,9,10,11",EDUCACIÓN TRADICIONAL,,NO APLICA,INGLÉS,1,ANTIGUO-ACTIVO,B,liceoavancemos@hotmail.com
37,76,76520,376520006389,LICEO MUNDO DE BARNEY,Carrera 18 # 26 - 36,"(3.522875, -76.290876)",3162336658,JEILLY RAMOS DIAZ,CENTRO EDUCATIVO,NO OFICIAL,URBANA,,,,,,DI-COGNITIVO,INGLÉS,1,CIERRE TEMPORAL,B,jg2321@hotmail.com
38,76,76520,376520007458,COLEGIO SAN RAFAEL ARCANGEL,Carrera 14 # 27A - 16,"(3.523487, -76.28767)",2876626-3154142656,SANDRA MILENA ARIAS ZUÑIGA,CENTRO EDUCATIVO,NO OFICIAL,URBANA,"MAÑANA,TARDE","PREESCOLAR,BÁSICA PRIMARIA,PRIMERA INFANCIA","-3,-2,-1,0,1,2,3,4,5",EDUCACIÓN TRADICIONAL,,,,1,NUEVO-ACTIVO,A,colegiosanrafaelarcangel@outlook.es
39,76,76520,376520007440,LICEO PSICOPEDAGÓGICO DESPERTAR,Calle 47a # 40 - 15,"(3.542828, -76.311784)",2861413 - 300 7766785,ERIKA ANDREA RODRÍGUEZ MONTAÑO ,CENTRO EDUCATIVO,NO OFICIAL,URBANA,MAÑANA,"PREESCOLAR,BÁSICA PRIMARIA","-2,-1,0,1,2,3,4,5",EDUCACIÓN TRADICIONAL,,,,1,NUEVO-ACTIVO,A,liceopsicopedagogicodespertar@gmail.com psicologarodriguez@gmail.com
40,76,76520,476520007622,LICEO PEDAGOGICO MAYOR VENCEDORES,Calle 5 # 3 - 372,"(3.532592, -76.314858)",3207054841,AMPARO AMAYA CASTRO,CENTRO EDUCATIVO,NO OFICIAL,URBANA,MAÑANA,"PREESCOLAR,BÁSICA PRIMARIA","-2,-1,0,1,2,3,4,5",EDUCACIÓN TRADICIONAL,,,,1,NUEVO-ACTIVO,A,claupsa1@hotmail.com
41,76,76520,376520007491,JARDÍN PSICOPEDAGÓGICO LA CASA DE LOS NIÑOS,Calle 48 # 28 - 04,"(3.54351, -76.296554)",2707924-3113217720,"MARÍA DEL SOCORRO
 CALVO OSORIO",CENTRO EDUCATIVO,NO OFICIAL,URBANA,MAÑANA,"PREESCOLAR,PRIMERA INFANCIA",-6,EDUCACIÓN TRADICIONAL,,,,1,NUEVO-ACTIVO,B,madesco0824@hotmail.com
42,76,76520,376520007482,JARDIN PEQUEÑOS RETOÑITOS,Carrera 25 # 3 - 30 OESTE,"(3.501159, -76.296533)",3145210882,"FLOR ANGELA GIRALDO
 CEBALLOS",CENTRO EDUCATIVO,NO OFICIAL,URBANA,COMPLETA,"PREESCOLAR,PRIMERA INFANCIA",-6,EDUCACIÓN TRADICIONAL,,,,1,NUEVO-ACTIVO,B,jardinretonitos@gmail.com florangice@gmail.com
43,76,76520,376520003983,HOGAR INFANTIL LOS CIERVITOS,Carrera 21 # 40 - 15,"(3.535748, -76.291823)",3176810560-2733382,LUZ ENSUEÑO SERNA,CENTRO EDUCATIVO,NO OFICIAL,URBANA,,,,,,"SÍNDROME DE
 DOWN",,1,CIERRE TEMPORAL,B,losciervitos@yahoo.com
44,76,76520,376520006079,CENTRO EDUCATIVO SENDERO DEL FUTURO,Cra. 28e #68-21,"(3.556016, -76.294032)",3188001421,FLOR ALBA ORDOÑEZ,CENTRO EDUCATIVO,NO OFICIAL,URBANA,COMPLETA,"PREESCOLAR,BÁSICA PRIMARIA","-2,-1,0,1,2,3,4,5",EDUCACIÓN TRADICIONAL,,NO APLICA,INGLÉS,1,ANTIGUO-ACTIVO,A,deyag17@hotmail.com
45,76,76520,376520002987,COLEGIO VILLA DE LAS PALMAS,Calle 30 # 15 - 78,"(3.525617, -76.288488)",2723740-3188200273,NIDIA MARTINEZ GARCIA,INSTITUCION EDUCATIVA,NO OFICIAL,URBANA,MAÑANA,"PREESCOLAR,MEDIA,BÁSICA SECUNDARIA,BÁSICA PRIMARIA","-2,-1,0,1,2,3,4,5,6,7,8,9,10,11",EDUCACIÓN TRADICIONAL,,NO APLICA,INGLÉS,1,ANTIGUO-ACTIVO,A,colegiovilladelaspalmas@hotmail.com
46,76,76520,476520007127,INSTITUTO TECNICO COMERCIAL  JUAN PABLO II,Carrera 30 # 95 - 50 Ciudad del Campo,"(3.459586, -76.465904)",2801773-3154316066,"MARIA DEL CARMEN ROJAS
 ROJAS",INSTITUCION EDUCATIVA,NO OFICIAL,RURAL,MAÑANA,"PREESCOLAR,MEDIA,BÁSICA SECUNDARIA,BÁSICA PRIMARIA","-2,-1,0,1,2,3,4,5,6,7,8,9,10,11",EDUCACIÓN TRADICIONAL,,NO APLICA,INGLÉS,1,ANTIGUO-ACTIVO,A,saramaria2010@hotmail.com
47,76,76520,376520006559,LICEO PEDAGOGICO MIS PRIMERAS AVENTURAS,Cl. 51 42-43,"(3.544472, -76.313503)",2712659 - 3137873192,"CLAUDIA MARIANA GARCIA
 GRANOBLES",CENTRO EDUCATIVO,NO OFICIAL,URBANA,MAÑANA,"PREESCOLAR,BÁSICA PRIMARIA,PRIMERA INFANCIA","-3,-2,-1,0,1,2,3,4,5",EDUCACIÓN TRADICIONAL,,"DI-COGNITIVO, LESIÓN NEUROMUSCULAR",INGLÉS,1,ANTIGUO-ACTIVO,A,liceomisprimerasaventuras@hotmail.com
48,76,76520,376520000054,INSTITUTO TECNICO INDUSTRIAL FRAY LUIS AMIGO,Calle 41 # 48 - 00,"(3.537735, -76.31702)",2729038-3115925541,GILBERTO RUBIO GUERRERO,INSTITUCION EDUCATIVA,NO OFICIAL,URBANA,COMPLETA,"PREESCOLAR,MEDIA,BÁSICA SECUNDARIA,BÁSICA PRIMARIA","0,1,2,3,4,5,6,7,8,9,10,11",EDUCACIÓN TRADICIONAL,,"DI-COGNITIVO,LESIÓN
 NEUROMUSCULAR,HIPOACUSIA O BAJA AUDICIÓN",INGLÉS,1,ANTIGUO-ACTIVO,A,secretariofrayluis@hotmail.com
49,76,76520,376520006338,COLEGIO LUZ DE COLOMBIA,Carrera 15 # 35 - 64,"(3.531913, -76.287249)",3156530394--2877656,PAULA ANDREA HERNANDEZ,CENTRO EDUCATIVO,NO OFICIAL,URBANA,"MAÑANA,TARDE","PREESCOLAR,BÁSICA PRIMARIA","-2,-1,0,1,2,3,4,5",EDUCACIÓN TRADICIONAL,,NO APLICA,INGLÉS,1,ANTIGUO-ACTIVO,A,colegioluzdecolombia@gmail.com
50,76,76520,376520007151,COLEGIO AGUSTINIANO CAMPESTRE,Calle 65 # 27 - 50,"(3.551814, -76.291735)",2747473 - 2737271-3152575230,PADRE DANILO ISAI ROMERO RABA,INSTITUCION EDUCATIVA,NO OFICIAL,URBANA,COMPLETA,"PREESCOLAR,MEDIA,BÁSICA SECUNDARIA,BÁSICA PRIMARIA","-2,-1,0,1,2,3,4,5,6,7,8,9,10,11",EDUCACIÓN TRADICIONAL,,NO APLICA,INGLÉS,1,ANTIGUO-ACTIVO,B,secretariaagustinianopalmira@hotmail.com
51,76,76520,476520007282,COLEGIO CIUDAD DEL CAMPO,Calle 97 # 16 - 21 Ciudad del Campo,"(3.456817, -76.469473)",2855411--3157783457,"JHON FREDDY CUARTAS 
GALEANO",INSTITUCION EDUCATIVA,NO OFICIAL,URBANA,COMPLETA,"PREESCOLAR,MEDIA,BÁSICA SECUNDARIA,BÁSICA PRIMARIA","-2,-1,0,1,2,3,4,5,6,7,8,9,10,11",EDUCACIÓN TRADICIONAL,,"LESIÓN
NEUROMUSCULAR",INGLÉS,1,ANTIGUO-ACTIVO,A,colmabcc@hotmail.com
52,76,76520,376520005617,CENTRO EDUCATIVO SANTO DOMINGO,Carrera 35 # 63A - 61,"(3.560193, -76.301759)",2742894,MARIA OFELIA PEREZ,CENTRO EDUCATIVO,NO OFICIAL,URBANA,,,,,,NO APLICA,INGLÉS,1,CIERRE DEFINITIVO,B,
53,76,76520,376520007296,LICEO GENIOS CREATIVOS,Calle 47C # 14A - 17,"(3.543135, -76.287126)",3207200722,LILIANA MARIA GUAYARA,CENTRO EDUCATIVO,NO OFICIAL,URBANA,COMPLETA,"PREESCOLAR,PRIMERA INFANCIA",-6,EDUCACIÓN TRADICIONAL,,NO APLICA,INGLÉS,1,NUEVO-ACTIVO,A,LILOGU_@HOTMAIL.COM
54,76,76520,376520004513,COLEGIO MI BELLO AMANECER,Carrera 11 # 36 - 32,"(3.532903, -76.284074)",3168704279-2839236,"FLOR MARINA ORJUELA DE 
ROCHA",CENTRO EDUCATIVO,NO OFICIAL,URBANA,MAÑANA,"PREESCOLAR,BÁSICA PRIMARIA","-2,-1,0,1,2,3,4,5",EDUCACIÓN TRADICIONAL,,NO APLICA,INGLÉS,1,ANTIGUO-ACTIVO,A,linita-tk@hotmail.com
55,76,76520,376520006397,LICEO SAN FERNANDO,Calle 23B # 18 - 14,"(3.521397, -76.291091)",2701109,MARTHA CECILIA LOZANO,CENTRO EDUCATIVO,NO OFICIAL,URBANA,,,,,,NO APLICA,,1,CIERRE TEMPORAL,B,
56,76,76520,376520007377,LIC INF ARCO IRIS DE AMOR,Calle 13 # 26 - 23,"(3.512305, -76.299234)",2859782-3152768730,ADELAYDA GONZALEZ,CENTRO EDUCATIVO,NO OFICIAL,URBANA,COMPLETA,"PREESCOLAR,BÁSICA PRIMARIA","-2,-1,0,1,2,3,4,5",EDUCACIÓN TRADICIONAL,,NO APLICA,INGLÉS,1,NUEVO-ACTIVO,A,liarcoirisdeamor@hotmail.com
57,76,76520,376520004688,COLEGIO MILITAR GENERAL AGUSTIN CODAZZI,Carrera 32 # 8 - 10,"(3.509703, -76.307389)",2722798 2730945 3154184313,RAFAEL ESCOBAR,CENTRO EDUCATIVO,NO OFICIAL,URBANA,MAÑANA,"PREESCOLAR,MEDIA,BÁSICA SECUNDARIA,BÁSICA PRIMARIA","-2,-1,0,1,2,3,4,5,6,7,8,9,10,11",EDUCACIÓN TRADICIONAL,,NO APLICA,"INGLÉS,FRANCES",1,ANTIGUO-ACTIVO,B,colegiomilitarpalmira@gmail.com
58,76,76520,376520006770,ACADEMIA COLOMBIANA DE ENSEÑANZA,Carrera 33 # 30 -79,"(3.52832, -76.303398)",2855770-2726306-4,NORBERTO ARCILA MARQUEZ,CENTRO EDUCATIVO,NO OFICIAL,URBANA,"MAÑANA,NOCTURNA,TARDE,FIN DE SEMANA","MEDIA,BÁSICA SECUNDARIA,BÁSICA PRIMARIA","21,22,23,24,25,26","PROGRAMA PARA JÓVENES 

EN EXTRAEDAD Y ADULTOS,SER",,NO APLICA,INGLÉS,1,ANTIGUO-ACTIVO,OTRO,a.c.e.03@hotmail.com
59,76,76520,476520006359,COLEGIO JESUS DE NAZARETH,Calle 36 # 96C - 03 Ciudad del Campo,"(3.460321, -76.464287)",6625903 -3158905976,MARTHA RUTH DONEYS,CENTRO EDUCATIVO,NO OFICIAL,URBANA,"MAÑANA,TARDE","PREESCOLAR,BÁSICA PRIMARIA","-2,-1,0,1,2,3,4,5",EDUCACIÓN TRADICIONAL,"CAPACIDADES
 EXCEPCIONALES","TRANSTORNO DEL ESPECTRO 
AUTISTA,SV-BAJA VISIÓN,DI-COGNITIVO",INGLÉS,1,ANTIGUO-ACTIVO,B,vidaldonneys@hotmail.com
60,76,76520,376520005056,LICEO INDUSTRIAL MIXTO SURAMERICA LIMSA,Calle 44 # 28 - 112 Y Calle 46 # 28 - 115,"(3.539407, -76.297962)",2747880,GAMALIEL NIETO CARDENAS,CENTRO EDUCATIVO,NO OFICIAL,URBANA,,,,,,,,1,CIERRE DEFINITIVO,B,
61,76,76520,376520007393,COLEGIO TERESIANO DE PALMIRA,Carrera 26 # 32 - 113,"(3.529356, -76.29679)",2726479,"CARLOS ARTURO CARVAJAL 
CASTAÑEDA",INSTITUCION EDUCATIVA,NO OFICIAL,URBANA,COMPLETA,"PREESCOLAR,MEDIA,BÁSICA SECUNDARIA,BÁSICA PRIMARIA","-2,-1,0,1,2,3,4,5,6,7,8,9,10,11",EDUCACIÓN TRADICIONAL,NO APLICA,NO APLICA,INGLÉS,1,NUEVO-ACTIVO,B,colegioteresianodepalmira@gmail.com
62,76,76520,376520007571,GIMNASIO INTEGRAL SANTA MARIA PALMIRA,Diagonal 25a T6 88,"(3.506761, -76.297491)",26323383173765600,"SANDRA MARÍA RAMÍREZ 
ZULUAGA",CENTRO EDUCATIVO,NO OFICIAL,URBANA,"MAÑANA,TARDE","PREESCOLAR,BÁSICA PRIMARIA,PRIMERA INFANCIA","-3,-2,-1,0,1,2,3,4,5",EDUCACIÓN TRADICIONAL,,,,1,NUEVO-ACTIVO,A,samarazu@hotmail.com
63,76,76520,376520000127,LICEO MODERNO,Calle 37A # 27 - 55,"(3.534161, -76.297379)",2727399-3154599598,JOSE ELIECER MEJIA VELA,INSTITUCION EDUCATIVA,NO OFICIAL,URBANA,"MAÑANA,NOCTURNA,TARDE,FIN DE SEMANA","MEDIA,BÁSICA SECUNDARIA,BÁSICA PRIMARIA","1,2,3,4,5,6,7,8,9,10,11,21,22,23,24,25,26","PROGRAMA PARA JÓVENES EN

 EXTRAEDAD Y ADULTOS,EDUCACIÓN TRADICIONAL",,NO APLICA,INGLÉS,1,ANTIGUO-ACTIVO,A,colegioliceomodernop@hotmail.com  jose.mejia.vela@gmil.com
64,76,76520,376520002839,ACADEMIA COMERCIAL REAL,Carerra 30 # 26 - 54,"(3.524245, -76.301259)",2727098,HOOVER ARQUIMEDES VELEZ BELTRAN,INSTITUCION EDUCATIVA,NO OFICIAL,URBANA,"MAÑANA,FIN DE SEMANA","MEDIA,BÁSICA SECUNDARIA,BÁSICA PRIMARIA","6,7,8,9,10,11,21,22,23,24,25,26","TRANSFORMEMOS,PROGRAMA PARA JÓVENES
 EN EXTRAEDAD Y ADULTOS,A CRECER,EDUCACIÓN TRADICIONAL,GRUPOS JUVENILES CREATIVOS,CAFAM,SAT,A CRECER A TRAVES DE CELULARES,SER,MODALIDAD VIRTUAL ASISTIDA UCN,BACHILLERATO PACICULTOR",,,,1,ANTIGUO-ACTIVO,B,acore2002@telesat.com.co
65,76,76520,376520003673,CENTRO ROTARIO INTEGRAL DE EDUCACIÓN,Calle 32A # 32 - 50,"(3.529836, -76.302588)",2855609 3175181282,"MONICA CECILIA CALDERON 
SOTO",CENTRO EDUCATIVO,NO OFICIAL,URBANA,MAÑANA,"PREESCOLAR,BÁSICA SECUNDARIA,BÁSICA PRIMARIA","-1,0,1,2,3,4,5,6",EDUCACIÓN TRADICIONAL,,"SA-USUARIO DE LSC, SV -BAJA VISIÓN, SA-USUARIO DE CASTELLANO,DI-COGNITIVO,OTRA DISCAPACIDAD,SORDERA PROFUNDA,LIMITACIÓN FISICA (MOVILIDAD),MÚLTIPLE DISCAPACIDAD,HIPOACUSIA O BAJA AUDICIÓN",,1,ANTIGUO-ACTIVO,A,fundacionrotariapalmira@gmail.com
66,76,76520,476520005727,LICEO INFANTIL MIS PRIMEROS PASOS,CORREG PALMASECA,"(3.509993, -76.434314)",2698022,YANETH HOYOS,INSTITUCION EDUCATIVA,NO OFICIAL,RURAL,,,,,,NO APLICA,INGLÉS,1,CIERRE DEFINITIVO,B,juanfermora4@hotmail.com
67,76,76520,376520006737,CENTRO EDUCATIVO LAS VILLAS,Calle 46 # 42b - 40,"(3.54159, -76.314086)",2752018,"MARTHA  MOSQUERA 
MOSQUERA",CENTRO EDUCATIVO,NO OFICIAL,URBANA,,,,,,NO APLICA,INGLÉS,1,CIERRE DEFINITIVO,B,
68,76,76520,376520006656,LICEO CONSTRUCTORES DEL ARTE,Calle 32b # 3e - 58,"(3.527656, -76.276645)",2876271-3128650694,ANA MILENA HIDALGO,CENTRO EDUCATIVO,NO OFICIAL,URBANA,"MAÑANA,TARDE","PREESCOLAR,BÁSICA PRIMARIA","-2,-1,0,1,2,3,4,5",EDUCACIÓN TRADICIONAL,CAPACIDADES EXCEPCIONALES,DI-COGNITIVO,INGLÉS,1,ANTIGUO-ACTIVO,A,liceoconstructoresdelarte@yahoo.es milenahmpal@hotmail.com
69,76,76520,376520000178,LICEO SANTA TERESITA,Calle 33 # 23 - 81,"(3.522179, -76.303681)",2726479,"SANDRA LILIANA OCHOA 
GARCIA",INSTITUCION EDUCATIVA,NO OFICIAL,URBANA,,,,,,"SORDERA PROFUNDA,HIPOACUSIA O BAJA AUDICIÓN",,1,CIERRE DEFINITIVO,B,li_sante@hotmail.com
70,76,76520,376520006460,JARDIN INFANTIL PEQUEÑOS GIGANTES,Calle 41 # 18 - 24,"(3.536453, -76.290005)",3183147995-2722013,CLARETH SHIRLEY CARREJO,CENTRO EDUCATIVO,NO OFICIAL,URBANA,MAÑANA,"PREESCOLAR,BÁSICA PRIMARIA","-2,-1,0,1,2,3,4,5",EDUCACIÓN TRADICIONAL,,LESIÓN NEUROMUSCULAR,INGLÉS,1,ANTIGUO-ACTIVO,A,shilo727@hotmail.com
71,76,76520,376520005285,JARDIN INFANTIL CARRUSEL,Calle 47 Bis # 39 - 21,"(3.54253, -76.311224)",3006000868,MYRIAM RESTREPO VALENCIA,CENTRO EDUCATIVO,NO OFICIAL,URBANA,MAÑANA,PREESCOLAR,-3,EDUCACIÓN TRADICIONAL,,NO APLICA,INGLÉS,1,ANTIGUO-ACTIVO,A,pequeamireva@hotmail.com
72,76,76520,376520007199,CENTRO EDUCATIVO HORIZONTES,Calle 57 # 27 - 18,"(3.548235, -76.292245)",2864408 3155400835,"YOLANDA AMPARO GOMEZ 
RIVERA",INSTITUCION EDUCATIVA,NO OFICIAL,URBANA,"MAÑANA,NOCTURNA,TARDE,FIN DE SEMANA","PREESCOLAR,MEDIA,BÁSICA SECUNDARIA,BÁSICA PRIMARIA","-2,-1,0,1,2,3,4,5,6,7,8,9,10,11,21,22,23,24,25,26","PROGRAMA PARA JÓVENES EN 
EXTRAEDAD Y ADULTOS,EDUCACIÓN TRADICIONAL",,NO APLICA,INGLÉS,1,ANTIGUO-ACTIVO,A,eduhorizontes@gmail.com
149,76,76520,376520005200,JARDIN INFANTIL MI TIERNA INFANCIA,Calle 39 # 42 - 104,"(3.535953, -76.31369)",2716277 - 2752573,CLAUDIA PATRICIA CALERO,CENTRO EDUCATIVO,NO OFICIAL,URBANA,,,,,,,,1,CIERRE DEFINITIVO,B,mitiernainfancia@hotmail.com
73,76,76520,176520005821,LICEO DIVINO NIÑO,Carrera 31 # 23 - 34,"(3.5217, -76.302617)",3155171212,ELCY LOPEZ PALACIOS,CENTRO EDUCATIVO,NO OFICIAL,URBANA,COMPLETA,"PREESCOLAR,BÁSICA PRIMARIA","-2,-1,0,1,2,3,4,5",EDUCACIÓN TRADICIONAL,,"DI-COGNITIVO,
SÍNDROME DE DOWN",,1,ANTIGUO-ACTIVO,A,liceodivino96@hotmail.com
74,76,76520,376520000208,"COLEGIO SAGRADO CORAZON DE JESUS - 
HERMANAS BETHLEMITAS",Carrera 30 # 27 - 19,"(3.524838, -76.301171)",2756806-2710115,"HNA MARIA DEL SOCORRO
 DELGADO CONTRERAS",INSTITUCION EDUCATIVA,NO OFICIAL,URBANA,COMPLETA,"PREESCOLAR,MEDIA,BÁSICA SECUNDARIA,BÁSICA PRIMARIA,PRIMERA INFANCIA","-3,-2,-1,0,1,2,3,4,5,6,7,8,9,10,11",EDUCACIÓN TRADICIONAL,,NO APLICA,INGLÉS,1,ANTIGUO-ACTIVO,B,colbesecretaria@gmail.com
75,76,76520,376520007181,LICEO EL MUNDO DEL SABER,Carrera 27 # 18 - 33,"(3.51721, -76.299506)",2704344,ANA MILENA ARIAS,CENTRO EDUCATIVO,NO OFICIAL,URBANA,,,,,,NO APLICA,INGLÉS,1,CIERRE TEMPORAL,B,
76,76,76520,376520800018,COLEGIO PSICOPEDAGOGICO SAN MATEO,Calle 36 # 41 36,"(3.533242, -76.311668)",2866217-3122749875,ADRIANA RAMIREZ DIAZ,CENTRO EDUCATIVO,NO OFICIAL,URBANA,"MAÑANA,TARDE",PREESCOLAR,-3,EDUCACIÓN TRADICIONAL,,,,1,NUEVO-ACTIVO,A,chachy_ramirez@otmail.com
77,76,76520,376520007547,LICEO MIS PEQUEÑOS TALENTOS,Carrera 42E # 51 - 47,"(3.544792, -76.314641)",2871298-31162335969,ANISLEY CADENA GODOY,CENTRO EDUCATIVO,NO OFICIAL,URBANA,COMPLETA,"PREESCOLAR,BÁSICA PRIMARIA,PRIMERA INFANCIA","-3,-2,-1,0,1,2,3,4,5",EDUCACIÓN TRADICIONAL,,,,1,NUEVO-ACTIVO,A,alteccorp@hotmail.com
78,76,76520,476520007355,COLEGIO FRANCISCO BARONA RIVERA,Avenida 4 # 1 - 134 Palmaseca,"(3.511349, -76.432874)",3188048103,JANETH HOYOS GONZALEZ,CENTRO EDUCATIVO,NO OFICIAL,URBANA,"COMPLETA,FIN DE SEMANA","PREESCOLAR,MEDIA,BÁSICA SECUNDARIA,BÁSICA PRIMARIA","-2,-1,0,1,2,3,4,5,21,22,23,24,25,26","PROGRAMA PARA JÓVENES EN 
EXTRAEDAD Y ADULTOS,EDUCACIÓN TRADICIONAL",NO APLICA,NO APLICA,,1,NUEVO-ACTIVO,A,fundamericas.1903@hotmail.com
79,76,76520,376520007679,JARDIN INFANTIL CELESTINE FREINET,Calle 98 # 11 - 02 Ciudad del Campo,"(3.455487, -76.470739)",2800837,LUZ ESTELLA RIVERA GARCIA,CENTRO EDUCATIVO,NO OFICIAL,URBANA,COMPLETA,"PREESCOLAR,PRIMERA INFANCIA",-6,EDUCACIÓN TRADICIONAL,,,,1,NUEVO-ACTIVO,A,stella04-@hotmail.com
80,76,76520,376520007687,LICEO PEDAGOGICO CREADORES DEL FUTURO,Carrera 18 # 30 - 44,"(3.526252, -76.290477)",2859940-3186170027,LYDA NEIRA ANDRADE GUEVARA,CENTRO EDUCATIVO,NO OFICIAL,URBANA,COMPLETA,"PREESCOLAR,BÁSICA PRIMARIA","-2,-1,0,1,2,3,4,5",EDUCACIÓN TRADICIONAL,,,,1,NUEVO-ACTIVO,A,creadoresdelfuturo@hotmail.com
81,76,76520,376520800026,JARDIN INFANTIL EL ARTE DE APRENDER ABC,Carrera 26 # 32 - 157,"(3.529714, -76.296743)",3152221859 2859946,"CLARA PATRICIA Ramírez DIAZ
 ",CENTRO EDUCATIVO,NO OFICIAL,URBANA,"MAÑANA,TARDE",PREESCOLAR,-3,EDUCACIÓN TRADICIONAL,,,,1,NUEVO-ACTIVO,B,jardininfantilelartedeaprender@hotmail.com
82,76,76520,376520007652,"LICEO INFANTIL NIÑOS DE LA VIRGEN 
DE GUADALUPE",Calle 43A # 2 - 155,"(3.539044, -76.280143)",2726961,MARIA DEL SOCORRO OBANDO QUIRAMA,CENTRO EDUCATIVO,NO OFICIAL,URBANA,MAÑANA,PREESCOLAR,-3,EDUCACIÓN TRADICIONAL,,,,1,NUEVO-ACTIVO,B,madso70@yahoo.es
83,76,76520,376520005811,LICEO CAMINO DEL FUTURO,Carrera 32 # 25 - 44,"(3.523558, -76.303048)",2814964-3137157843,CLAUDIA FERNANDA RIVERA GIRON,CENTRO EDUCATIVO,NO OFICIAL,URBANA,,,,,,NO APLICA,INGLÉS,1,CIERRE TEMPORAL,B,liceocaminodelfuturo1996@hotmail.com
84,76,76520,476520004402,CENTRO EDUCATIVO SALVADOR LENIS,"Avenida 9 # 8 - 353, rozo","(3.614782, -76.385747)",3108454829-3206702071,LEYDA CAICEDO LOZANO,CENTRO EDUCATIVO,NO OFICIAL,RURAL,MAÑANA,"PREESCOLAR,BÁSICA PRIMARIA","0,1,2,3,4,5",EDUCACIÓN TRADICIONAL,,NO APLICA,INGLÉS,1,ANTIGUO-ACTIVO,B,shigoca80@hotmail.com
85,76,76520,476520005662,COLEGIO COLOMBO BELGA,KM 5 VIA PRADERA,"(3.50692, -76.251531)",2580315,"MARIA ELENA FERANANDEZ 
PEREZ",CENTRO EDUCATIVO,NO OFICIAL,RURAL,,,,,,NO APLICA,INGLÉS,1,CIERRE DEFINITIVO,B,fundacionamigos@uniweb.net.co
86,76,76520,376520005862,LICEO CAMPESTRE CRECER,Calle 42 # 49 - 330,"(3.536209, -76.321293)",3137869989-3172978691,"FABIOLA GONZALEZ 
VALENCIA",INSTITUCION EDUCATIVA,NO OFICIAL,URBANA,COMPLETA,"PREESCOLAR,MEDIA,BÁSICA SECUNDARIA,BÁSICA PRIMARIA","-2,-1,0,1,2,3,4,5,6,7,8,9,10,11",EDUCACIÓN TRADICIONAL,,NO APLICA,INGLÉS,1,ANTIGUO-ACTIVO,B,crecerlovale@hotmail.com
87,76,76520,376520006494,LICEO JEAN PIAGET,Carrera 1 # 33B - 15,"(3.529386, -76.277327)",3156588331,MARIA NELLY ALVEAR,CENTRO EDUCATIVO,NO OFICIAL,URBANA,,,,,,NO APLICA,INGLÉS,1,CIERRE TEMPORAL,B,liceojeanpiaget@yahoo.com
88,76,76520,376520006613,LICEO EL NUEVO MILENIO,Carrera 4E # 32 - 02,"(3.526875, -76.275006)",2812279,NIDIA APONTE ROJAS,INSTITUCION EDUCATIVA,NO OFICIAL,URBANA,"MAÑANA,NOCTURNA,TARDE","PREESCOLAR,MEDIA,BÁSICA SECUNDARIA,BÁSICA PRIMARIA","-2,-1,0,1,2,3,4,5,6,7,8,9,10,11,23,24,25,26","PROGRAMA PARA JÓVENES EN
 EXTRAEDAD Y ADULTOS,EDUCACIÓN TRADICIONAL",,NO APLICA,INGLÉS,1,ANTIGUO-ACTIVO,B,
89,76,76520,376520004963,LICEO INFANTIL SANTA ANA,Calle 38A # 46 - 87,"(3.535139, -76.317735)",2869988-3176862482,CLARA INES GONZALEZ,CENTRO EDUCATIVO,NO OFICIAL,URBANA,MAÑANA,"PREESCOLAR,PRIMERA INFANCIA",-6,EDUCACIÓN TRADICIONAL,,NO APLICA,,1,ANTIGUO-ACTIVO,A,lisanta.clarita@outlook.es
90,76,76520,376520000267,COLEGIO AGUSTINIANO,Calle 65 # 27 - 50,"(3.551845, -76.291869)",27474732737271,DANILO ISAAC ROMERO RABA,INSTITUCION EDUCATIVA,NO OFICIAL,URBANA,,,,,,NO APLICA,INGLÉS,1,CIERRE DEFINITIVO,B,agustinianopalmira@hotmail.com
91,76,76520,376520006346,LICEO PSICOPEDAGOGICO NUEVAS FRONTERAS,Calle 45A # 13 - 06,"(3.540011, -76.286312)",3163454552,MILLERLANDY BENAVIDES,CENTRO EDUCATIVO,NO OFICIAL,URBANA,,,,,,NO APLICA,INGLÉS,1,CIERRE TEMPORAL,A,
92,76,76520,376520007300,LICEO PEDAGOGICO EBEN EZER,Calle 57 # 27 - 95,"(3.548106, -76.292858)",2749103-3166295033,"GLORIA PATRICIA RENTERIA
 CASTRO",CENTRO EDUCATIVO,NO OFICIAL,URBANA,COMPLETA,"PREESCOLAR,BÁSICA SECUNDARIA,BÁSICA PRIMARIA,PRIMERA INFANCIA","-3,-2,-1,0,1,2,3,4,5,6",EDUCACIÓN TRADICIONAL,,NO APLICA,INGLÉS,1,NUEVO-ACTIVO,B,academica@liceopedagogicoebenezer.com d_renteria_castro@hotmail.com
93,76,76520,376520001450,LICEO RAFAEL POMBO,Calle 31 # 21 - 56,"(3.527262, -76.293384)",2870624 3017624795,ANA LUCIA BORJA CABRERA,CENTRO EDUCATIVO,NO OFICIAL,URBANA,MAÑANA,"PREESCOLAR,BÁSICA PRIMARIA","-2,-1,0,1,2,3,4,5",EDUCACIÓN TRADICIONAL,,NO APLICA,INGLÉS,1,ANTIGUO-ACTIVO,B,liceorafaelpombo@hotmail.com
94,76,76520,376520007253,CENTRO EDUCATIVO RAFAEL NUÑEZ,Calle 55 # 37 - 32,"(3.546302, -76.309223)",2749194  3176518449,MARINA ISABEL CUARAN,CENTRO EDUCATIVO,NO OFICIAL,URBANA,COMPLETA,PREESCOLAR,-3,EDUCACIÓN TRADICIONAL,,NO APLICA,INGLÉS,1,NUEVO-ACTIVO,A,margothcuaran@hotmail.com
95,76,76520,376520000186,LICEO LOS ANGELES,Carrera 25 # 34 - 26,"(3.531075, -76.295634)",2724087-3116345363,"LUZ MARINA GONZALEZ
 OSORIO",INSTITUCION EDUCATIVA,NO OFICIAL,URBANA,COMPLETA,"PREESCOLAR,MEDIA,BÁSICA SECUNDARIA,BÁSICA PRIMARIA","-2,-1,0,1,2,3,4,5,6,7,8,9,10,11",EDUCACIÓN TRADICIONAL,,OTRA DISCAPACIDAD,INGLÉS,1,ANTIGUO-ACTIVO,B,liceangelpal@hotmail.com
96,76,76520,376520006605,COLEGIO CAÑAVERAL,Calle 36A # 1 - 67,"(3.533761, -76.277706)",3128372044,AMABIL LUCIA ARROYO,CENTRO EDUCATIVO,NO OFICIAL,URBANA,"MAÑANA,TARDE","PREESCOLAR,BÁSICA PRIMARIA","-2,-1,0,1,2,3,4,5",EDUCACIÓN TRADICIONAL,,TRANSTORNO DEL ESPECTRO AUTISTA,INGLÉS,1,ANTIGUO-ACTIVO,B,amabilu06@hotmail.com
97,76,76520,376520004581,JARDIN INFANTIL LOS PEQUEÑOS CARIÑOSITOS,Calle 34 # 40B - 38,"(3.531852, -76.311)",2715093,MARIA EUGENIA MELO,CENTRO EDUCATIVO,NO OFICIAL,URBANA,,,,,,NO APLICA,INGLÉS,1,CIERRE TEMPORAL,B,
98,76,76520,376520001328,COLEGIO SAN JOSE,Carrera 31 # 27 - 49,"(3.525233, -76.301977)",2746559,MARIA CONSUELO VILLA,CENTRO EDUCATIVO,NO OFICIAL,URBANA,,,,,,,,1,CIERRE DEFINITIVO,B,
99,76,76520,476520007134,LICEO MISIONERO RAMA,CORREG BOLO SAN ISIDRO,"(3.466396, -76.331774)",2661307,MARIA HELENA HERNANDEZ,CENTRO EDUCATIVO,NO OFICIAL,RURAL,,,,,,"SV-BAJA VISIÓN,LESIÓN NEUROMUSCULAR,SV-CEGUERA,PARALISIS CEREBRAL",FRANCES,1,CIERRE TEMPORAL,B,misionerosramainternacional@hotmail.com
100,76,76520,376520003576,COLEGIO LA MERCED,Calle 35 # 20 - 52,"(3.531162, -76.292009)",2710543,IDALIA MENA DE SATIZABAL,CENTRO EDUCATIVO,NO OFICIAL,URBANA,MAÑANA,"PREESCOLAR,BÁSICA PRIMARIA","0,1,2,3,4,5","PREESCOLAR ESCOLARIZADO, EDUCACIÓN TRADICIONAL",,NO APLICA,INGLÉS,1,ANTIGUO-ACTIVO,A,anisati02@yahoo.es
101,76,76520,376520007709,LICEO PEDAGOGICO LOS GRANDES LECTORES,Carrera 27 #  33 - 27,"(3.53039, -76.297421)",2849819-3135953407,GLORIA PATRICIA ARBOLEDA,CENTRO EDUCATIVO,NO OFICIAL,URBANA,COMPLETA,"PREESCOLAR,BÁSICA PRIMARIA","-2,-1,0,1,2,3,4,5",EDUCACIÓN TRADICIONAL,,,,1,NUEVO-ACTIVO,B,
102,76,76520,376520800000,INSTITUTO DE EDUCACION COMFENALCO VALLE,Calle 31 # 31 - 37,"(3.528387, -76.301753)",3116356158-2704747,ELIZABETH NARVAEZ URREA,CENTRO EDUCATIVO,NO OFICIAL,URBANA,"NOCTURNA,FIN DE SEMANA","MEDIA,BÁSICA SECUNDARIA,BÁSICA PRIMARIA","21,22,23,24,25,26",PROGRAMA PARA JÓVENES EN EXTRAEDAD Y ADULTOS,,,,1,NUEVO-ACTIVO,B,BLUCUMI@COMFENALCOVALLE.COM.CO
103,76,76520,376520007431,COLEGIO PEDAGOGICO JUEGOS  ARTES Y LETRAS,Calle 44 # 13 - 28,"(3.539586, -76.286284)",3136660444,MILENA RAMIREZ HERNANDEZ,CENTRO EDUCATIVO,NO OFICIAL,URBANA,,,,,,,,1,CIERRE TEMPORAL,A,isle.1968@hotmail.com
104,76,76520,376520007661,JARDIN INFATIL MI DULCE HOGAR,Calle 31 # 23 - 28,"(3.527481, -76.294844)",2872144-3137034075,MARIA ISABEL CAMPUZANO SALAZAR,CENTRO EDUCATIVO,NO OFICIAL,URBANA,COMPLETA,PREESCOLAR,-3,EDUCACIÓN TRADICIONAL,,,,1,NUEVO-ACTIVO,A,maisa.campuzano@gmail.com
105,76,76520,376520007717,CENTRO EDUCATIVO NUESTRA SEÑORA DE LOS ANGELES,Calle 28 # 31 - 35,"(3.525756, -76.302177)",3116334729,OLGA LUCIA VARELA RUIZ,CENTRO EDUCATIVO,NO OFICIAL,URBANA,FIN DE SEMANA,"MEDIA,BÁSICA SECUNDARIA,BÁSICA PRIMARIA","21,22,23,24,25,26","PROGRAMA PARA JÓVENES
 EN EXTRAEDAD Y ADULTOS",,,,1,NUEVO-ACTIVO,OTRO,oluvaru@gmail.com
106,76,76520,376520007598,LICEO INFANTIL CARITAS DE ÁNGEL,Calle 24 #  35A - 21,"(3.522779, -76.307418)",3177853887,"PAULA ANDREA QUINTERO 
ERAZO",CENTRO EDUCATIVO,NO OFICIAL,URBANA,"MAÑANA,TARDE","PREESCOLAR,PRIMERA INFANCIA",-6,EDUCACIÓN TRADICIONAL,,,,1,NUEVO-ACTIVO,A,paulaq.21@hotmail.com
107,76,76520,376520000089,COLEGIO COLOMBIA,Calle 31 # 18 - 40,"(3.526935, -76.290812)",2725306-3006033342,"JORGE JIMMY MORENO 
ANDRADE",INSTITUCION EDUCATIVA,NO OFICIAL,URBANA,"MAÑANA,TARDE","PREESCOLAR,MEDIA,BÁSICA SECUNDARIA,BÁSICA PRIMARIA","-2,-1,0,1,2,3,4,5,6,7,8,9,10,11",EDUCACIÓN TRADICIONAL,,"DI-COGNITIVO,LESIÓN NEUROMUSCULAR,SORDERA PROFUNDA,SÍNDROME DE DOWN,HIPOACUSIA O BAJA AUDICIÓN",INGLÉS,1,ANTIGUO-ACTIVO,B,colegiocolombiapalmira@gmail.com
108,76,76520,376520004386,COLEGIO COOPERATIVO SAN MARTIN DE PORRES,Carrera 33 # 30 - 79,"(3.528342, -76.303387)",2726306,HAROLD MARTIN GONZALEZ A,INSTITUCION EDUCATIVA,NO OFICIAL,URBANA,,,,,,DI-COGNITIVO,INGLÉS,1,CIERRE DEFINITIVO,B,colegiosanmartindeporres2004@hotmail.com
109,76,76520,476520003813,COLEGIO COMERCIAL MIXTO EL MILAGROSO,Carrera 13 # 8 - 42,"(3.60759, -76.386497)",2685064-3136608999,MARIA ESPERANZA CORRALES,INSTITUCION EDUCATIVA,NO OFICIAL,URBANA,"COMPLETA,FIN DE SEMANA","PREESCOLAR,MEDIA,BÁSICA SECUNDARIA,BÁSICA PRIMARIA","0,1,2,3,4,5,6,7,8,9,10,11,21,22,23,24,25,26","PROGRAMA PARA JÓVENES EN
 EXTRAEDAD Y ADULTOS,EDUCACIÓN TRADICIONAL",,"SV-BAJA VISIÓN,DI-COGNITIVO,LESIÓN NEUROMUSCULAR",INGLÉS,1,ANTIGUO-ACTIVO,B,colegioelmilagroso@hotmail.com
110,76,76520,376520005340,LICEO INFANTIL MI BELLA INFANCIA,AV 9 # 8 - 498,"(3.508346, -76.297053)",2685355-3147805179,"OSCAR MAURICIO GALLEGO 
MONDRAGON",INSTITUCION EDUCATIVA,NO OFICIAL,URBANA,COMPLETA,"PREESCOLAR,BÁSICA SECUNDARIA,BÁSICA PRIMARIA","-2,-1,0,1,2,3,4,5,6,7,8,9",EDUCACIÓN TRADICIONAL,,SÍNDROME DE DOWN,,1,NUEVO-ACTIVO,B,ogallegom@hotmail.com
111,76,76520,376520006648,COLEGIO CRISTIANO BETHESDA,Carrera 31 # 18 - 36,"(3.517376, -76.303433)",2725366,NURY USECHE,CENTRO EDUCATIVO,NO OFICIAL,URBANA,,,,,,,,1,CIERRE DEFINITIVO,B,colecristianobethesda@hotmailcom
112,76,76520,376520005935,COLEGIO SAGRADO CORAZON DE JESUS CAMPESTRE,Calle 30 # 27 - 19,"(3.526875, -76.298212)",2710115,HERMANA SOCORRO DELGADO,CENTRO EDUCATIVO,NO OFICIAL,URBANA,,,,,,,,1,CIERRE DEFINITIVO,B,colbe@telesat.com.co
113,76,76520,376520000194,COLEGIO COMERCIAL,Calle 32 # 29 - 39,"(3.528988, -76.299802)",2702015-2723172,LUIS ANGEL MANCO  ALBORNOZ,INSTITUCION EDUCATIVA,NO OFICIAL,URBANA,,,,,,NO APLICA,INGLÉS,1,CIERRE DEFINITIVO,B,colcomercialoeth@hotmail.com
114,76,76520,376520006567,JARDIN INFANTIL EL PORTALCITO DE BELEN,Carrera 44 # 35 - 40,"(3.532526, -76.31491)",2733297,VIVIANA SANCHEZ,CENTRO EDUCATIVO,NO OFICIAL,URBANA,MAÑANA,PREESCOLAR,-3,EDUCACIÓN TRADICIONAL,,NO APLICA,,1,ANTIGUO-ACTIVO,B,diegoocampo5@hotmail.com
115,76,76520,376520004751,LICEO PEDAGOGICO PICARDIAS,Calle 38 # 21 - 39,"(3.534005, -76.292342)",2725470  3182453839,ALEXANDRA AYALA VELASCO,CENTRO EDUCATIVO,NO OFICIAL,URBANA,COMPLETA,"PREESCOLAR,BÁSICA PRIMARIA","-2,-1,0,1,2,3,4,5",EDUCACIÓN TRADICIONAL,,NO APLICA,INGLÉS,1,ANTIGUO-ACTIVO,A,liceopicardias@hotmail.com edgarv111969@hotmail.com
116,76,76520,376520005226,JARDIN INFANTIL EL GUSANITO DORADO,Calle 65 # 31C - 17,"(3.554636, -76.29889)",2742800,MARIA FERNANDA SAAVEDRA,CENTRO EDUCATIVO,NO OFICIAL,URBANA,,,,,,,,1,CIERRE DEFINITIVO,B,
117,76,76520,476520006341,LICEO EL INGENIO,Carrera 1 # 6 - 48,"(3.608555, -76.270974)",2555179,MARICEL GONZALEZ,INSTITUCION EDUCATIVA,NO OFICIAL,RURAL,,,,,,,,1,CIERRE DEFINITIVO,B,
118,76,76520,376520007270,JARDIN INFANTIL EXPLORADORES CRECIENDO,Calle 35A # 40 - 75,"(3.532822, -76.31059)",2860655,"NANCY MARIA RENGIFO 
PRIMERO",CENTRO EDUCATIVO,NO OFICIAL,URBANA,"MAÑANA,TARDE","PREESCOLAR,BÁSICA PRIMARIA","-2,-1,0,1,2,3,4,5",EDUCACIÓN TRADICIONAL,,"DI-COGNITIVO,
HIPOACUSIA O BAJA AUDICIÓN",INGLÉS,1,NUEVO-ACTIVO,A,nanpera2@hotmail.com
119,76,76520,376520007144,LICEO CAMINO AL HORIZONTE,Calle 33 # 25 - 20,"(3.53001, -76.296015)",2734322,MARITZA BELALCAZAR POSSO,CENTRO EDUCATIVO,NO OFICIAL,URBANA,,,,,,"SV-BAJA VISIÓN,
DI-COGNITIVO",INGLÉS,1,CIERRE TEMPORAL,B,
120,76,76520,376520000143,COLEGIO SAN JOSE DEL AVILA,Calle 23 # 25 - 33,"(3.520738, -76.297572)",3117691612-2757214,"MARIA TERESA MONTAÑA
 ALARCON",INSTITUCION EDUCATIVA,NO OFICIAL,URBANA,MAÑANA,"PREESCOLAR,MEDIA,BÁSICA SECUNDARIA,BÁSICA PRIMARIA,PRIMERA INFANCIA","-3,-2,-1,0,1,2,3,4,5,6,7,8,9,10,11",EDUCACIÓN TRADICIONAL,,NO APLICA,INGLÉS,1,ANTIGUO-ACTIVO,B,sanjosedelavila@gmail.com
121,76,76520,527652003011,JARDIN INFANTIL MATERNAL GARABATOS,Carrera 27 # 18 -33,"(3.517499, -76.299506)",2704344,VICTORIA EUGENIA ALVAREZ,CENTRO EDUCATIVO,NO OFICIAL,URBANA,,,,,,,,1,CIERRE DEFINITIVO,B,
122,76,76520,376520003541,JARDIN INFANTIL MI EDAD FELIZ,Calle 36A # 45 - 15,"(3.53369, -76.31609)",3162524048,LILIANA ROSERO,CENTRO EDUCATIVO,NO OFICIAL,URBANA,"MAÑANA,TARDE",PREESCOLAR,-3,EDUCACIÓN TRADICIONAL,,NO APLICA,INGLÉS,1,ANTIGUO-ACTIVO,B,auliroc@hotmail.es
123,76,76520,376520006206,LICEO INFANTIL EL MUNDO DE LOS JUGUETES,"Calle 37A, Carrera 42 ESQ","(3.534573, -76.312832)",2808632,ROSARIO DIAZ,CENTRO EDUCATIVO,NO OFICIAL,URBANA,,,,,,,,1,CIERRE DEFINITIVO,B,
124,76,76520,376520006192,LICEO JARDÍN BACHILLERATO,Carrera 29 # 25 - 24,"(3.523025, -76.300381)",2872658-3174419712,"MARGARITA MARIA DURAN
 VAHOS",INSTITUCION EDUCATIVA,NO OFICIAL,URBANA,MAÑANA,"PREESCOLAR,BÁSICA SECUNDARIA,BÁSICA PRIMARIA,PRIMERA INFANCIA","-3,-2,-1,0,1,2,3,4,5,6,7,8,9",EDUCACIÓN TRADICIONAL,CAPACIDADES EXCEPCIONALES,DI-COGNITIVO,INGLÉS,1,ANTIGUO-ACTIVO,A,liceogardenhighschool@hotmail.com
125,76,76520,376520005790,COLEGIO BASIS,Calle 29 # 31 - 63,"(3.526533, -76.302257)",2718331-3174406102,"PAULA ANDREA GARCIA
 MARTINEZ",CENTRO EDUCATIVO,NO OFICIAL,URBANA,"MAÑANA,TARDE","MEDIA,BÁSICA SECUNDARIA","23,24,25,26","PROGRAMA PARA JÓVENES EN 

EXTRAEDAD Y ADULTOS",,NO APLICA,INGLÉS,1,ANTIGUO-ACTIVO,OTRO,colegiobasis1997@hotmail.com
126,76,76520,476520006570,CENTRO EDUCATIVO LA PRESENTACION,CORREG LA BUITRERA,"(3.483445, -76.209751)",2682711,MARIA ELENA PINZON,CENTRO EDUCATIVO,NO OFICIAL,RURAL,COMPLETA,"PREESCOLAR,BÁSICA PRIMARIA","-2,-1,0,1,2,3,4,5",EDUCACIÓN TRADICIONAL,,NO APLICA,INGLÉS,1,ANTIGUO-ACTIVO,A,celapresentacion@hotmail.com
127,76,76520,376520001476,COLEGIO EL DIVINO ECCE HOMO,Calle 23 # 28 - 25,"(3.521002, -76.300011)",272 20 83 cel 3103747634,LILIANA DEVIA ESCOBAR,INSTITUCION EDUCATIVA,NO OFICIAL,URBANA,"MAÑANA,TARDE","PREESCOLAR,MEDIA,BÁSICA SECUNDARIA,BÁSICA PRIMARIA","0,1,2,3,4,5,6,7,8,9,10,11",EDUCACIÓN TRADICIONAL,CAPACIDADES EXCEPCIONALES,NO APLICA,INGLÉS,1,ANTIGUO-ACTIVO,A,lian0416@hotmail.com
128,76,76520,376520006729,CENTRO EDUCATIVO PEQUEÑOS EXPLORADORES,Carrera 32 # 32 - 83,"(3.530017, -76.30211)",2813901,AYDA GARCIA VARGAS,CENTRO EDUCATIVO,NO OFICIAL,URBANA,COMPLETA,PREESCOLAR,-3,EDUCACIÓN TRADICIONAL,,NO APLICA,INGLÉS,1,ANTIGUO-ACTIVO,B,
129,76,76520,376520007636,JARDIN INFANTIL LUCECITAS,Calle 43A # 1 - 28,"(3.539465, -76.277691)",2872173-3152356331,LUZ AYDEE RODRIGUEZ REYES,CENTRO EDUCATIVO,NO OFICIAL,URBANA,COMPLETA,"PREESCOLAR,BÁSICA PRIMARIA","-2,-1,0,1,2",EDUCACIÓN TRADICIONAL,,,,1,NUEVO-ACTIVO,A,aydeero6@hotmail.com
130,76,76520,376520007695,CENTRO DE ESTIMULACION Y JARDIN INFANTIL DE GOGI,Calle 30 # 17 - 31,"(3.525828, -76.289871)",2849132-3044605489,"MARYURY ESCOBAR 
ANDRADE",CENTRO EDUCATIVO,NO OFICIAL,URBANA,COMPLETA,"PREESCOLAR,BÁSICA PRIMARIA","-2,-1,0,1,2,3,4,5",EDUCACIÓN TRADICIONAL,,,,1,NUEVO-ACTIVO,B,andrade1322@yahoo.com
131,76,76520,176520007467,COLEGIO COMERCIAL DE PALMIRA O.E.T.H,Calle 32 # 29 - 39,"(3.528988, -76.299788)",2702030-2702552,"LUIS ANGEL TENORIO 
HERRERA",INSTITUCION EDUCATIVA,NO OFICIAL,URBANA,MAÑANA,"PREESCOLAR,MEDIA,BÁSICA SECUNDARIA,BÁSICA PRIMARIA","-1,0,1,2,3,4,5,6,7,8,9,10,11",EDUCACIÓN TRADICIONAL,,,,1,NUEVO-ACTIVO,B,colcomercialoeth@hotmail.com
132,76,76520,376520007580,COLEGIO LA ANUNCIACIÓN,Calle 27 # 29 - 60,"(3.524623, -76.300626)",3148864303,"HNA. LUZ OMAIRA REYES 
MARTINEZ",CENTRO EDUCATIVO,NO OFICIAL,URBANA,COMPLETA,"PREESCOLAR,PRIMERA INFANCIA",-6,EDUCACIÓN TRADICIONAL,,,,1,NUEVO-ACTIVO,A,
133,76,76520,376520006681,THE ENGLISH ACADEMY KINDERGARDEN EL RECREO,Calle 22 # 27 - 41,"(3.520183, -76.299424)",3152987821-2725435,LUIS ALBERTO SANCLEMENTE,CENTRO EDUCATIVO,NO OFICIAL,URBANA,,,,,,,,1,CIERRE DEFINITIVO,B,englishacademy2003ayahoo.com
134,76,76520,376520005153,JARDIN INFANTIL MUNDO DE SUEÑOS,Carrera 25 # 20 - 20,"(3.518553, -76.297566)",2710622,MARTHA ISABEL ZUÑIGA,CENTRO EDUCATIVO,NO OFICIAL,URBANA,MAÑANA,PREESCOLAR,-3,EDUCACIÓN TRADICIONAL,,NO APLICA,,1,ANTIGUO-ACTIVO,B,
135,76,76520,376520006168,CENTRO EDUCATIVO SENDERO DEL SABER,Calle 55A # 42 -  66,"(3.54727, -76.313463)",2740181,GLORIA INES BERMUDEZ,CENTRO EDUCATIVO,NO OFICIAL,URBANA,,,,,,,,1,CIERRE DEFINITIVO,B,
136,76,76520,376520007211,CENTRO DE ESTUDIOS OCUPACIONALES CEO,Carrera 28 # 31 - 57,"(3.528387, -76.298661)",2714637-31832477303,LIBANIEL MEJIA,CENTRO EDUCATIVO,NO OFICIAL,URBANA,"MAÑANA,NOCTURNA,TARDE,FIN DE SEMANA","MEDIA,BÁSICA SECUNDARIA","23,24,25,26","PROGRAMA PARA JÓVENES EN
EXTRAEDAD Y ADULTOS",,,,1,ANTIGUO-ACTIVO,B,laacademiaceopalmira@hotmail.com.ar
137,76,76520,376520006214,LICEO LLANO GRANDE,Calle 47A # 46A - 05,"(3.54266, -76.318124)",3173573268,MONICA AGUDELO GONZALEZ,CENTRO EDUCATIVO,NO OFICIAL,URBANA,COMPLETA,"PREESCOLAR,BÁSICA PRIMARIA","-2,-1,0,1,2,3,4,5",EDUCACIÓN TRADICIONAL,,NO APLICA,INGLÉS,1,ANTIGUO-ACTIVO,B,
138,76,76520,376520006125,LICEO PSICOPEDAGÓGICO SUPERIOR,Calle 53 # 29 - 62,"(3.546728, -76.297506)",2751878-3148559483,MARIBEL GIRON,INSTITUCION EDUCATIVA,NO OFICIAL,URBANA,MAÑANA,"PREESCOLAR,BÁSICA SECUNDARIA,BÁSICA PRIMARIA","-2,-1,0,1,2,3,4,5,6,7,8,9",EDUCACIÓN TRADICIONAL,,NO APLICA,"INGLÉS,FRANCES",1,ANTIGUO-ACTIVO,B,maribelgironescobar76@hotmail.com
139,76,76520,376520006354,LICEO INFANTIL YEAMEL,Calle 38A # 40 - 18,"(3.535563, -76.310611)",2708822,"PAOLA ANDREA LUNA 
VALENCIA",CENTRO EDUCATIVO,NO OFICIAL,URBANA,,,,,,NO APLICA,INGLÉS,1,CIERRE TEMPORAL,B,
140,76,76520,376520005536,COLEGIO BAUTISTA EBENEZER,Carrera 28 # 32 - 119,"(3.529738, -76.298455)",2722939-3186931842,"FRANCY ESTELLA ORREGO
 DAVILA",INSTITUCION EDUCATIVA,NO OFICIAL,URBANA,COMPLETA,"PREESCOLAR,BÁSICA SECUNDARIA,BÁSICA PRIMARIA","-2,-1,0,1,2,3,4,5,6,7,8,9",EDUCACIÓN TRADICIONAL,,NO APLICA,INGLÉS,1,ANTIGUO-ACTIVO,A,iglesiabautistapalmira@gmail.com
141,76,76520,376520006532,INSTITUTO ISEE,Calle 33 # 25 - 49,"(3.530018, -76.296199)",2724166-2757664-3174775697,SONIA HERNANDEZ PIÑEROS,INSTITUCION EDUCATIVA,NO OFICIAL,URBANA,"MAÑANA,NOCTURNA,FIN DE SEMANA","MEDIA,BÁSICA SECUNDARIA,BÁSICA PRIMARIA","6,7,8,9,10,11,21,22,23,24,25,26","PROGRAMA PARA JÓVENES EN 
EXTRAEDAD Y ADULTOS,EDUCACIÓN TRADICIONAL",,NO APLICA,INGLÉS,1,ANTIGUO-ACTIVO,B,colegioisee@gmail.com
142,76,76520,376520006257,COLEGIO LOS ROBLES,VIA TIENDA NUEVA,"(3.556518, -76.234557)",2735296,MIRIAM INES GOMEZ,INSTITUCION EDUCATIVA,NO OFICIAL,RURAL,,,,,,"DI-COGNITIVO
,SORDERA PROFUNDA",INGLÉS,1,CIERRE DEFINITIVO,B,
143,76,76520,376520006419,INSTITUTO NACER AMERICANO,Calle 65 # 28 - 124,"(3.552727, -76.294619)",2744749,MARIOANGEL MELO,INSTITUCION EDUCATIVA,NO OFICIAL,URBANA,,,,,,,,1,CIERRE DEFINITIVO,B,fundamor18@hotmail.com
144,76,76520,376520007261,COLEGIO LOS ALPES DE LLANO GRANDE,Carrera 45A # 52 - 04,"(3.545042, -76.317126)",3157940223-2744928,LUZ BIANNEY MARTINEZ,INSTITUCION EDUCATIVA,NO OFICIAL,URBANA,COMPLETA,"PREESCOLAR,MEDIA,BÁSICA SECUNDARIA,BÁSICA PRIMARIA","-2,-1,0,1,2,3,4,5,6,7,8,9,10,11",EDUCACIÓN TRADICIONAL,,NO APLICA,INGLÉS,1,NUEVO-ACTIVO,B,colosalpes@hotmail.com
145,76,76520,376520005331,COLEGIO LIRIO DE LOS VALLES,Carrera 15 # 36 - 70,"(3.532834, -76.287368)",2865975,KELLY JHOVANNA ARREDONDO,CENTRO EDUCATIVO,NO OFICIAL,URBANA,MAÑANA,"PREESCOLAR,BÁSICA PRIMARIA","-2,-1,0,1,2,3,4,5",EDUCACIÓN TRADICIONAL,,NO APLICA,INGLÉS,1,ANTIGUO-ACTIVO,B,col_liriodelosvalles@hotmail.com
146,76,76520,376520003932,CORPORACION EDUCATIVA ADVENTISTA CEA,Calle 31 # 19 - 10,"(3.526983, -76.291319)",2815201 -3162505521,ALEXANDRA JARAMILLO TRIANA,CENTRO EDUCATIVO,NO OFICIAL,URBANA,"MAÑANA,TARDE","PREESCOLAR,BÁSICA PRIMARIA","-2,-1,0,1,2,3,4,5",EDUCACIÓN TRADICIONAL,,,,1,ANTIGUO-ACTIVO,A,ceapal@hotmail.com
147,76,76520,376520003398,COLEGIO SANTO TOMAS,CALLE 31 # 23 - 33,"(3.527498, -76.294895)",2734197-2876161,FANNY LEONOR AGUAS,CENTRO EDUCATIVO,NO OFICIAL,URBANA,COMPLETA,"PREESCOLAR,BÁSICA PRIMARIA","-2,-1,0,1,2,3,4,5",EDUCACIÓN TRADICIONAL,,"DI-COGNITIVO,SORDERA PROFUNDA,SÍNDROME DE DOWN,HIPOACUSIA O BAJA AUDICIÓN",INGLÉS,1,ANTIGUO-ACTIVO,B,leoaguas@hotmail.com
148,76,76520,476520003791,COLEGIO SANTA TERESITA DE ROZO,CORREG ROZO,"(3.614689, -76.387412)",2685028,MARIA LUDIN POSSO DIAZ,INSTITUCION EDUCATIVA,NO OFICIAL,RURAL,"MAÑANA,TARDE","PREESCOLAR,MEDIA,BÁSICA SECUNDARIA,BÁSICA PRIMARIA","0,1,2,3,4,5,6,7,8,9,10,11",EDUCACIÓN TRADICIONAL,,"LESIÓN NEUROMUSCULAR,PARALISIS CEREBRAL,SORDERA PROFUNDA,HIPOACUSIA O BAJA AUDICIÓN",,1,ANTIGUO-ACTIVO,B,maysteffy2003@hotmail.com
150,76,76520,376520006281,JARDIN INFANTIL MIS AÑOS MARAVILLOSOS,"Carrera 39, CL 35","(3.533069, -76.308901)",2724354,HILDA INES MAPURA,CENTRO EDUCATIVO,NO OFICIAL,URBANA,,,,,,NO APLICA,,1,CIERRE TEMPORAL,B,
151,76,76520,376520005170,COLEGIO COMERCIAL MIXTO INCANOF,Calle 27 # 29 - 57,"(3.52461, -76.300619)",2727751 - 2708128-3133776685,"FAISURY AMPARO 
MARMOLEJO COLLAZOS",INSTITUCION EDUCATIVA,NO OFICIAL,URBANA,"MAÑANA,NOCTURNA,TARDE,FIN DE SEMANA","PREESCOLAR,MEDIA,BÁSICA SECUNDARIA,BÁSICA PRIMARIA","-2,-1,0,1,2,3,4,5,6,7,8,9,10,11,21,22,23,24,25,26","PROGRAMA PARA JÓVENES EN P104EXTRAEDAD Y ADULTOS,EDUCACIÓN TRADICIONAL",,NO APLICA,INGLÉS,1,ANTIGUO-ACTIVO,A,incanof@hotmail.com
152,76,76520,376520005072,JARDIN INFANTIL CARACOLITOS,Carrera 22 # 38 - 59,"(3.53458, -76.292775)",2734442-3166419897,CAROLINA SANCHEZ,CENTRO EDUCATIVO,NO OFICIAL,URBANA,COMPLETA,"PREESCOLAR,PRIMERA INFANCIA",-6,EDUCACIÓN TRADICIONAL,,NO APLICA,INGLÉS,1,ANTIGUO-ACTIVO,B,sagrado1968@hotmail.com
153,76,76520,376520006141,CENTRO EDUCATIVO PARA JOVENES Y ADULTOS PALMIRA,Calle 27 # 28 - 33,"(3.524459, -76.299569)",3016785768-922722897,"MARY LUZ CHAVEZ 
HERNANDEZ",CENTRO EDUCATIVO,NO OFICIAL,URBANA,"MAÑANA,NOCTURNA,TARDE,FIN DE SEMANA","MEDIA,BÁSICA SECUNDARIA,BÁSICA PRIMARIA","21,22,23,24,25,26","PROGRAMA PARA JÓVENES EN
 EXTRAEDAD Y ADULTOS",NO APLICA,NO APLICA,INGLÉS,1,NUEVO-ACTIVO,OTRO,cejap2008@hotmail.com
154,76,76520,376520007512,LICEO SUPERIOR PALMIRA,Carrera 26 # 32 - 16,"(3.528689, -76.296803)",2753295,"SANDRA MILENA RAMÍREZ
 CAMPO",CENTRO EDUCATIVO,NO OFICIAL,URBANA,MAÑANA,"PREESCOLAR,BÁSICA PRIMARIA,PRIMERA INFANCIA","-3,-2,-1,0,1,2,3,4,5",EDUCACIÓN TRADICIONAL,,,,1,NUEVO-ACTIVO,B,sami12553@hotmail.com
155,76,76520,376520007563,LICEO CASTILLO DEL SABER,Carrera 31 # 45 - 07,"(3.540449, -76.299549)",2751847-3183128297,"SANDRA MILENA PEREZ 
TANGRIFE",CENTRO EDUCATIVO,NO OFICIAL,URBANA,COMPLETA,"PREESCOLAR,PRIMERA INFANCIA",-6,EDUCACIÓN TRADICIONAL,,,,1,NUEVO-ACTIVO,A,liceocastillodelsaber@hotmail.com
156,76,76520,376520006516,LICEO BILINGUE ABRAHAM LINCOLN,Carrera 42E # 46 - 32,"(3.541886, -76.314552)",2722367,NEYDA RUIZ CAMILO,CENTRO EDUCATIVO,NO OFICIAL,URBANA,,,,,,NO APLICA,INGLÉS,1,CIERRE DEFINITIVO,B,
157,76,76520,376520006371,GIMNASIO NIÑOS DEL FUTURO,Carrera 27 # 21 - 13,"(3.519505, -76.299183)",2725794,ANA JOSEFA ALVARADO,CENTRO EDUCATIVO,NO OFICIAL,URBANA,,,,,,,,1,CIERRE TEMPORAL,B,
158,76,76520,376520003479,LICEO DEL VALLE,Carrera 30 # 27 - 44,"(3.525031, -76.301114)",2709186-3175425915,"BERTHA MABEL VASQUEZ 
DUSSAN",INSTITUCION EDUCATIVA,NO OFICIAL,URBANA,MAÑANA,"PREESCOLAR,MEDIA,BÁSICA SECUNDARIA,BÁSICA PRIMARIA","0,1,2,3,4,5,6,7,8,9,10,11",EDUCACIÓN TRADICIONAL,,NO APLICA,INGLÉS,1,ANTIGUO-ACTIVO,B,liceodelvalle.edu@gmail.com
159,76,76520,376520006150,LICEO PSICOPEDAGOGICO CREATIVOS,Carrera 42E # 52 - 07,"(3.545259, -76.314646)",3153937345-2851840,MARTHA ISABEL GIL ARCE,CENTRO EDUCATIVO,NO OFICIAL,URBANA,MAÑANA,"PREESCOLAR,BÁSICA PRIMARIA,PRIMERA INFANCIA","-3,-2,-1,0,1,2,3,4,5",EDUCACIÓN TRADICIONAL,,NO APLICA,INGLÉS,1,ANTIGUO-ACTIVO,A,hafer0578@hotmail.com
160,76,76520,376520002456,COLEGIO SANTA INES CAMPESTRE,Carrera 1 # 21 - 38,"(3.519015, -76.277906)",3164810275-2816007 ext 101 - 2872121,MARIA DIENY LOPEZ VELASCO,INSTITUCION EDUCATIVA,NO OFICIAL,URBANA,"MAÑANA,COMPLETA","PREESCOLAR,MEDIA,BÁSICA SECUNDARIA,BÁSICA PRIMARIA","-2,-1,0,1,2,3,4,5,6,7,8,9,10,11",EDUCACIÓN TRADICIONAL,,NO APLICA,INGLÉS,1,ANTIGUO-ACTIVO,B,colegiosantainescampestrepal@Hotmail.com
161,76,76520,376520006443,INSTITUTO NACIONAL DE TECNOLGIA EMPRESARIAL INTE,Calle 31 # 24 - 23,"(3.527562, -76.295655)",2702768-2869696 3164067283,CESAR AUGUSTO MOLINA,CENTRO EDUCATIVO,NO OFICIAL,URBANA,"MAÑANA,TARDE,FIN DE SEMANA","MEDIA,BÁSICA SECUNDARIA","23,24,25,26","PROGRAMA PARA JÓVENES EN 
EXTRAEDAD Y ADULTOS",,NO APLICA,INGLÉS,1,ANTIGUO-ACTIVO,OTRO,direccingeneral@inte.edu.co
162,76,76520,527652008001,LICEO MIXTO VILLA MERCERDES,Carrera 7R # 93 - 37,"(3.454414, -76.474601)",6637895,MARIA ISABEL GONZALEZ GIL,CENTRO EDUCATIVO,NO OFICIAL,RURAL,,,,,,,,1,CIERRE DEFINITIVO,B,Orozcorojas@latinmail.com
163,76,76520,376520001514,LICEO MONTESSORI,Calle 54 # DG 28B - 28,"(3.546093, -76.292988)",2748535-3006206100,ALEXANDER MOSQUERA QUINTERO,INSTITUCION EDUCATIVA,NO OFICIAL,URBANA,COMPLETA,"PREESCOLAR,MEDIA,BÁSICA SECUNDARIA,BÁSICA PRIMARIA","-2,-1,0,1,2,3,4,5,6,7,8,9,10,11",EDUCACIÓN TRADICIONAL,,NO APLICA,INGLÉS,1,ANTIGUO-ACTIVO,B,secre.academica@liceomontessoripalmira.edu.co
164,76,76520,376520005498,LICEO LA ENSEÑANZA,Calle 65 # 26 - 132,"(3.551177, -76.290161)",2725600-3156504970,MARIA MERCEDES RAFFO,INSTITUCION EDUCATIVA,NO OFICIAL,URBANA,"MAÑANA,TARDE","PREESCOLAR,MEDIA,BÁSICA SECUNDARIA,BÁSICA PRIMARIA","-2,-1,0,1,2,3,4,5,6,7,8,9,10,11",EDUCACIÓN TRADICIONAL,,NO APLICA,INGLÉS,1,ANTIGUO-ACTIVO,B,liceolaensenanza@hotmail.com joramirez1203@hotmail.com
165,76,76520,376520006664,CENTRO EDUCATIVO DIOS ES AMOR,Calle 46A # 30 - 16,"(3.541755, -76.29832)",2744379,DERLY MILENA MARIN,CENTRO EDUCATIVO,NO OFICIAL,URBANA,COMPLETA,PREESCOLAR,-3,EDUCACIÓN TRADICIONAL,,NO APLICA,INGLÉS,1,ANTIGUO-ACTIVO,B,
166,76,76520,376520007072,CENTRO EDUCATIVO ILAMA,Calle 46A # 45A - 28,"(3.541886, -76.317326)",2753925,MARIA LORENA GARCIA,CENTRO EDUCATIVO,NO OFICIAL,URBANA,,,,,,DI-COGNITIVO,INGLÉS,1,CIERRE DEFINITIVO,B,
167,76,76520,376520003088,COLEGIO CAMILO TORRES,Calle 30 # 17 - 32,"(3.525828, -76.289866)",2711873-3136514854,"MARIA TERESA BOLAÑOS
 ZUÑIGA",INSTITUCION EDUCATIVA,NO OFICIAL,URBANA,"MAÑANA,TARDE","PREESCOLAR,MEDIA,BÁSICA SECUNDARIA,BÁSICA PRIMARIA","-2,-1,0,1,2,3,4,5,6,7,8,9,10,11",EDUCACIÓN TRADICIONAL,,NO APLICA,INGLÉS,1,ANTIGUO-ACTIVO,A,colegioct@hotmail.com
168,76,76520,376520006435,LICEO CRISTIANO LEMUEL,Carrera 27 # 47 - 29,"(3.542537, -76.295419)",2740307,ARTURO GOMEZ,INSTITUCION EDUCATIVA,NO OFICIAL,URBANA,,,,,,,,1,CIERRE DEFINITIVO,B,argomez@uniweb.net.co
169,76,76520,376520006231,LICEO INFANTIL EL PAIS DE LAS MARAVILLAS,Carrera 31 # 45 - 07,"(3.540347, -76.299552)",2751847,"JAVIER HUMBERTO BARRERAS 
CARDONA",CENTRO EDUCATIVO,NO OFICIAL,URBANA,,,,,,NO APLICA,INGLÉS,1,CIERRE TEMPORAL,B,jjaviband@hotmail.com
170,76,76520,376520006087,LICEO SAN FRANCISCO DE ASIS SAS,Calle 65 # 28 - 200,"(3.553571, -76.296118)",2704023,PATRICIA JARAMILLO MOLINA,CENTRO EDUCATIVO,NO OFICIAL,URBANA,COMPLETA,"PREESCOLAR,BÁSICA PRIMARIA","-2,-1,0,1,2,3,4,5",EDUCACIÓN TRADICIONAL,,NO APLICA,INGLÉS,1,ANTIGUO-ACTIVO,A,carbrahe2929@hotmail.com
171,76,76520,376520000216,SEMINARIO DE CRISTO SACERDOTE,Calle 42 # 19 - 21,"(3.54042, -76.290096)",2711228,PBRO. JOHN FREDY GONZÁLEZ MARÍN,INSTITUCION EDUCATIVA,NO OFICIAL,URBANA,COMPLETA,"PREESCOLAR,MEDIA,BÁSICA SECUNDARIA,BÁSICA PRIMARIA","-2,-1,0,1,2,3,4,5,6,7,8,9,10,11",EDUCACIÓN TRADICIONAL,,NO APLICA,,1,ANTIGUO-ACTIVO,B,seminario@seminariopalmira.edu.co
172,76,76520,376520007172,LICEO LA MAGIA DE CREAR,Calle 32A # 25 - 36,"(3.529254, -76.296169)",2724612,CLAUDIA HURTADO,CENTRO EDUCATIVO,NO OFICIAL,URBANA,MAÑANA,PREESCOLAR,-3,EDUCACIÓN TRADICIONAL,,,,1,NUEVO-ACTIVO,B,
173,76,76520,376520006541,INSTITUCION EDUCATIVA FUNDACIÓN HOGAR EL DIVINO NIÑO,Calle 47 # 37 - 45,"(3.542552, -76.309666)",2719599,"LUIS CARLOS GONZALEZ 
GOMEZ",INSTITUCION EDUCATIVA,NO OFICIAL,URBANA,,,,,,NO APLICA,INGLÉS,1,CIERRE TEMPORAL,B,
174,76,76520,376520007112,JARDIN INFANTIL EL MUNDO DE LOS NIÑOS,Carrera 5 # 27 - 23,"(3.521953, -76.280839)",2737416  3004260504,LUZ VIANNEY PLATA,CENTRO EDUCATIVO,NO OFICIAL,URBANA,MAÑANA,"PREESCOLAR,PRIMERA INFANCIA",-6,EDUCACIÓN TRADICIONAL,,,INGLÉS,1,ANTIGUO-ACTIVO,B,luzvi1762@hotmail.com
175,76,76520,376520005871,COLEGIO PSICOPEDAGOGICO DEL VALLE,Calle 31 # 17 - 56,"(3.526821, -76.289952)",2864043-3168744116,JULIETA MENDEZ ESCOBAR,CENTRO EDUCATIVO,NO OFICIAL,URBANA,COMPLETA,"PREESCOLAR,BÁSICA PRIMARIA","-2,-1,0,1,2,3,4,5",EDUCACIÓN TRADICIONAL,,NO APLICA,INGLÉS,1,ANTIGUO-ACTIVO,B,anitaes_art@hotmail.com
176,76,76520,527652008004,LICEO LA ESPERANZA,Carrera 14 # 103 - 23 Ciudad del Campo,"(3.454885, -76.469782)",2800129,ANA LUCIA VALENCIA ROSERO,CENTRO EDUCATIVO,NO OFICIAL,URBANA,,,,,,"SV-BAJA VISIÓN

,SV-CEGUERA",,1,CIERRE DEFINITIVO,B,
177,76,76520,376520003681,COLEGIO COOPERATIVO CHAMPAGNAT,Carrera 27 # 25 - 45,"(3.522889, -76.2987)",2735748-27323464,NELSON ARTURO DIAZ NIETO,CENTRO EDUCATIVO,NO OFICIAL,URBANA,,,,,,,,1,CIERRE DEFINITIVO,B,coochampagnat@uniweb.net.co
178,76,76520,476520006324,COLEGIO BILINGÜE SAN JOSE CAMPESTRE,Carrera 3 # 1 - 24 Via Tienda Nueva,"(3.547895, -76.260268)",2745110-3175134107,ELBER MARIN COTRINO,INSTITUCION EDUCATIVA,NO OFICIAL,URBANA,COMPLETA,"PREESCOLAR,MEDIA,BÁSICA SECUNDARIA,BÁSICA PRIMARIA","-2,-1,0,1,2,3,4,5,6,7,8,9,10,11",EDUCACIÓN TRADICIONAL,,NO APLICA,"INGLÉS,ALEMAN",1,ANTIGUO-ACTIVO,B,rectoria@sanjosebilingue.edu.co
179,76,76520,376520004483,JARDIN TALLER MANITAS ALEGRES,Carrera 26 # 33 - 46,"(3.530434, -76.296617)",2724146 3174790924,DIOSELINA GONZALEZ ARANA,CENTRO EDUCATIVO,NO OFICIAL,URBANA,COMPLETA,"PREESCOLAR,PRIMERA INFANCIA",-6,"PREESCOLAR NO ESCOLARIZADO / SEMIESCOLARIZADO, EDUCACIÓN TRADICIONAL",,"SÍNDROME 
DE DOWN",INGLÉS,1,ANTIGUO-ACTIVO,B,jamagres85@hotmail.com
180,76,76520,376520007539,LICEO PEDAGOGICO EXPLORADORES DEL SABER,Calle 9D # 25 - 157,"(3.507967, -76.299159)",3167915135-3163197764,LESLY JANE BURITICA BURITICA,CENTRO EDUCATIVO,NO OFICIAL,URBANA,COMPLETA,"PREESCOLAR,BÁSICA PRIMARIA,PRIMERA INFANCIA","-3,-2,-1,0,1,2,3,4,5",EDUCACIÓN TRADICIONAL,,,,1,NUEVO-ACTIVO,A,lamaja258@hotmail.com
181,76,76520,376520007733,LICEO CREATIVO MIS GRANDES SUEÑOS,Calle 31 # 32 - 67,"(3.528554, -76.302861)",3185988307-2859576,"LEDYS ANELA YESQUEN 
VALLECILLA",CENTRO EDUCATIVO,NO OFICIAL,URBANA,COMPLETA,"PREESCOLAR,BÁSICA PRIMARIA","-2,-1,0,1,2,3,4,5",EDUCACIÓN TRADICIONAL,,,,1,NUEVO-ACTIVO,B,cielitocumpleel27@hotmail.com
182,76,76520,376520007415,COLEGIO FORJADORES DE SABIDURIA,Calle 20 # 24A - 25,"(3.528554, -76.302861)",3106574289,NURY USECHE BELTRAN,CENTRO EDUCATIVO,NO OFICIAL,URBANA,COMPLETA,"PREESCOLAR,BÁSICA PRIMARIA,PRIMERA INFANCIA","-3,-2,-1,0,1,2,3,4,5",EDUCACIÓN TRADICIONAL,,,,1,NUEVO-ACTIVO,A,forjadores20@hotmail.com miryamcita1207@hotmail.com
183,76,76520,476520007525,LICEO ESTRELLAS DEL SABER,Carrera 37 # 101 - 119,"(3.456364, -76.462901)",3218514555,"LADY JOHANA YAÑEZ 
RODRIGUEZ",CENTRO EDUCATIVO,NO OFICIAL,URBANA,COMPLETA,"PREESCOLAR,BÁSICA PRIMARIA,PRIMERA INFANCIA","-3,-2,-1,0,1,2,3,4,5",EDUCACIÓN TRADICIONAL,,,,1,NUEVO-ACTIVO,A,ljoyar@hotmail.com
