COMUNA,CODIGO DANE ,INSTITUCIÓN EDUCATIVA OFICIAL,ESPECIALIDAD,NIVEL EDUCATIVO,BARRIO,DIRECCION,TELEFONO
1,176001008766,I.E LUIS FERNANDO CAICEDO ,CASD - ACADEMICA,PRIMARIA - ACELERACIÓN - SECUNDARIA - MEDIA,PATIO BONITO,AVENIDA 5A OESTE #47A-04,(572) 8944361 - (572) 8944316
1,17600100876602,CECILIA CABALLERO DE LOPEZ,ACADEMICA,PRIMARIA - ACELERACIÓN - SECUNDARIA,VISTA HERMOSA,AVENIDA 5A OESTE #34-100,(572) 6643869
1,176001008669,I.E JOSE HOLGUIN GARCES ,ACADEMICA - MEDIA TECNICA,SECUNDARIA - MEDIA - CICLOS EDUCACIÓN PARA ADULTOS,TERRON COLORADO,AVENIDA 4A OESTE #23-108,(572) 8942322
1,17600100866902,ANA MARIA LLOREDA,ACADEMICA,PRIMARIA,TERRON COLORADO,AVENIDA 4A OESTE CON CALLE 25,(572) 3325710 - (572) 3328642
1,17600100866903,MARICE SINISTERRA,ACADEMICA,PRIMARIA,TERRON COLORADO,CALLE 30 BIS OESTE 4A 00,(572) 4373275
1,17600100866904,VILLA DEL MAR,ACADEMICA,PRIMARIA,TERRON COLORADO,AVENIDA 8 OESTE #30C-40,(572) 3259010 - (57)3168306264
1,17600100866905,ULPIANO LLOREDA,ACADEMICA,PRIMARIA - ACELERACIÓN,TERRON COLORADO,AVENIDA 4 BIS #25-08,(572) 3744081
1,17600100866906,JOSE ACEVEDO Y GOMEZ,ACADEMICA,PRIMARIA,TERRON COLORADO,AVENIDA 5 OESTE #30-164,(572) 3374746
1,176001004973,I.E ISAIAS GAMBOA ,ACADEMICA,PRIMARIA,TERRON COLORADO,AVENIDA 4 OESTE #12-05,(572) 8829377
1,17600100497302,LA INMACULADA,ACADEMICA - CASD,PRIMARIA - SECUNDARIA - MEDIA - CICLOS EDUCACIÓN PARA ADULTOS,LA PORTADA,CALLE 10 OESTE #5-45,(572) 8944201
1,17600100497303,ALJANDRO CABAL POMBO,ACADEMICA,PRIMARIA - ACELERACIÓN - SECUNDARIA,TERRON COLORADO,CALLE 26 OESTE #8-17,(572) 8829099
1,17600100497304,JOSE CELESTINO MUTIS,ACADEMICA - CASD,PRIMARIA - SECUNDARIA - MEDIA - CICLOS EDUCACIÓN PARA ADULTOS,TERRON COLORADO,AVENIDA 7B OESTE #18-02,(572) 8941401
1,17600100497305,AGUACATAL,ACADEMICA - CASD,PRIMARIA - ACELERACIÓN - SECUNDARIA - MEDIA,AGUACATAL,KILOMETRO 2 VIA AL AGUACATAL,(572) 8934135
2,176001001672,INSTITUCIÓN EDUCATIVA TECNICO DE COMERCIO SANTA CECILIA ,TECNICA - MEDIA TECNICA,SECUNDARIA - MEDIA,CIUDAD LOS ALAMOS,CALLE 61AN # 2GN-62,(572) 6642088
2,17600100167202,REPUBLICA DE FRANCIA ,ACADEMICA,PRIMARIA,CIUDAD LOS ALAMOS,CALLE 62N #2BN-00,(572) 6651433
2,17600100167203,BRISAS DE LOS ALAMOS,ACADEMICA,PRIMARIA - CICLOS EDUCACIÓN PARA ADULTOS,BRISAS DE LOS ALAMOS,AVENIDA 2BN CALLE 72,(572) 6650489
2,17600100167204,REPUBLICA DEL BRASIL,ACADEMICA - TECNICA - MEDIA TECNICA,ACELERACIÓN - SECUNDARIA - MEDIA - CICLOS EDUCACIÓN PARA ADULTOS,LA CAMPIÑA,CALLE 43 #7-03,(572) 6650489
2,17600100167205,INMACULADA BATACLAN,ACADEMICA,PRIMARIA,INMACULADA BATACLAN,AVENIDA 106 #10-47,(572) 6540699
2,17600100167206,ALTO MENGA,ACADEMICA,PRIMARIA,ALTOS DE MENGA,CALLE 53 AN #8-27,(572) 6540699
2,17600100167207,SAN CARLOS BORROMEO ,ACADEMICA,PRIMARIA,ALTOS DE NORMANDIA,AVENIDA 7 OESTE #1-61,(572) 6642088
3,176001001818,I.E SANTA LIBRADA,ACADEMICA,SECUNDARIA - MEDIA - CICLOS EDUCACIÓN PARA ADULTOS,SAN JUAN BOSCO,CALLE 7  #B14A-106,(572) 8858838
3,17600100181802,LUIS CARLOS PEÑA,ACADEMICA,PRIMARIA,SAN JUAN BOSCO,CALLE 7  #14-36,(572) 8854742
3,17600100181803,CARLOS A.SARDI G.,ACADEMICA,PRIMARIA,SAN ANTONIO,CARRERA 5 #2-69,(572) 8936869
3,17600100181804,EUSTAQUIO PALACIOS,ACADEMICA,PRIMARIA,LIBERTADORES,CARRERA 17 #3A-55,(572) 6805431
3,17600100181806,REPUBLICA DE MEXICO,ACADEMICA,PRIMARIA,SAN NICOLAS,CALLE 20 #5-85,(572) 8818718
3,17600100181807,EL PILOTO,ACADEMICA,PRIMARIA,EL PILOTO,CARRERA 4  # 24-40,(572) 3326585
3,176001002253,I.E NORMAL SUPERIOR LOS FARALLONES ,ACADEMICA,SECUNDARIA - MEDIA - COMPLEMENTARIO,LIBERTADORES,CARRERA 22 #2-65 OESTE,(572) 5587300
3,17600100225303,MANUEL SINISTERRA PATIÑO,ACADEMICA,PRIMARIA,EL NACIONAL,CALLE 14 CON 3A OESTE,437 32 75
3,17600100225304,FRANCISCO JOSE DE CALDAS,ACADEMICA,PRIMARIA,BELLAVISTA,CARRERA 4 OESTE #12A-59,(572) 6626957 - (572) 6622018
3,17600100225305,MARIA PERLAZA,ACADEMICA,PRIMARIA,EL NACIONAL,CALLE 5 OESTE #18-02,437 32 75
3,17600100225306, LOS CRISTALES,ACADEMICA,PRIMARIA,EL MORTIÑAL,CALLE 11C OESTE #24C-50,(572) 4200893
3,17600100225307,CLUB NOEL,ACADEMICA,PRIMARIA,LIBERTADORES,CALLE 3A #22-95,ND
3,17600100225308,SALVADOR IGLESIAS,ACADEMICA,PRIMARIA,LIBERTADORES,CALLE 2B #22-70,338-14-42
3,17600100225309,MARTIN RESTREPO MEJIA,ACADEMICA,PRIMARIA,LIBERTADORES,CARRERA 22 #2-65,437 32 75
4,176001030796,I.E VEINTE DE JULIO ,TECNICO INDUSTRIAL,SECUNDARIA - MEDIA,BERLIN,CARRERA 5 NORTE  #33 -01,(572) 4444382 - (572) 4437061
4,17600103079602,CRISTINA SERRANO,ACADEMICA,PRIMARIA,BERLIN,CARRERA 5 NORTE  #33 -03,(572) 8934540
4,17600103079603,IGNACIO RENGIFO,ACADEMICA,PRIMARIA,IGNACIO RENGIFO,CALLE 41 #5 N 23,3003446778 - 3183892024 
4,176001040079,I.E SANTO TOMAS - CASD,ACADEMICA - MEDIA TECNICA,PRIMARIA - SECUNDARIA - MEDIA - CICLOS EDUCACIÓN PARA ADULTOS,BERLIN,CALLE 33 # 2N-11,(572) 4489805 - (572) 4455489
4,17600104007903,MANUELA BELTRAN,ACADEMICA,SECUNDARIA,SANTANDER,CARRERA 2A # 34-23,437 32 75
4,17600104007904,JORGE ISAAC,ACADEMICA,PRIMARIA,EL PORVENIR,CALLE 30 # 5-88,337-47-46
4,176001005091,I.E REPUBLICA DE ISRAEL ,ACADEMICA - CASD,PRIMARIA - SECUNDARIA - MEDIA - CICLOS EDUCACIÓN PARA ADULTOS,LAS DELICIAS,CARRERA 3 # 43-49,442 24 85
4,17600100509102,MANUEL SANTIAGO VALLECILLA,ACADEMICA,PRIMARIA,LAS DELICIAS,CALLE 43 # 4B-33,(572) 4452193
4,17600100509103,SAN JOSE,ACADEMICA,PRIMARIA,LAS DELICIAS,CALLE 40 #2C-21,(572) 4452940
4,176001001699,I.E LA MERCED ,ACADEMICA - CASD,SECUNDARIA - MEDIA,SALOMIA,CALLE 47 #4E-30,(572) 3827677
4,17600100169902,SAN VICENTE DE PAUL,ACADEMICA,PRIMARIA,SALOMIA,CARRERA 2B #45A-20,(572) 4462009
4,17600100169903,SAN PEDRO ALEJANDRINO,ACADEMICA,PRIMARIA,SALOMIA,CARRERA 4E #46A-04,(572) 4462009
4,17600100169904,CENDOE,ACADEMICA,SECUNDARIA,SALOMIA,CALLE 44A #4B-00,(572) 4465988
4,176001003195,I.E JOSE ANTONIO GALAN ,ACADEMICA - MEDIA TECNICA - TECNICO INDUSTRIAL,SECUNDARIA - MEDIA - CICLOS EDUCACIÓN PARA ADULTOS,POPULAR,CALLE 41 #3N-11,(572) 3798853
,176001004141,RAFAEL ZAMORANO,ACADEMICA,PRIMARIA - ACELERACIÓN,GUILLERMO VALENCIA,CARRERA 2N #45A-12,(572) 4466532
4,176001005813,I.E INEM JORGE ISAAC - INEM,MEDIA TECNICA,SECUNDARIA - MEDIA,FLORA INDUSTRIAL,CARRERA 5N #61-126,(572) 4470128
4,17600100581302,PABLO EMILIO CAICEDO,ACADEMICA,PRIMARIA,PASAO DEL COMERCIO,CARRERA 5N DIAGONAL 7N-39,(572) 4409947
4,17600100581303,LAS AMERICAS,ACADEMICA,PRIMARIA - CICLOS EDUCACIÓN PARA ADULTOS,FLORALIA,CALLE 82 CAR 3AN,(572) 4408876
4,17600100581304,FRAY DOMINGO DE LAS CASAS,ACADEMICA,PRIMARIA,CALIMA,CALLE 65 #6N-40,(572) 4468353
4,17600100581305,CECILIA MUÑOZ RICAURTE,ACADEMICA,PRIMARIA,FLORALIA,CALLE 77N CARRERA 8N,(572) 4449385
4,17600100581306,CENTRO EDUCATIVO DEL NORTE,ACADEMICA,PRIMARIA,EVARISTO GARCIA,CARRERA 4N #51AN-33,(572) 4472878
4,17600100581307,CAMILO TORRES,ACADEMICA,PRIMARIA,CAMILO TORRES,CARRERA 9N #56BN-57,(572) 4467856
4,176001001656,I. E GUILLERMO VALENCIA ,ACADEMICA - MEDIA TECNICA,SECUNDARIA - MEDIA - CIClOS EDUCACIÓN PARA ADULTOS,POPULAR,CARRERA 7N #45A-08,(572) 4466502
,17600100165602,PRESBITERO ANGEL PIEDRAHITA,ACADEMICA,PRIMARIA - SECUNDARIA,OLAYA HERRERA,CARRERA 8N #51N-35,(572) 4465000
5,176001001729,I.E TECNICO DE COMERCIO SIMON RODRIGUEZ ,ACADEMICA - MEDIA TECNICA,SECUNDARIA - MEDIA - CICLOS EDUCACIÓN PARA ADULTOS,EL SENA,CARRERA 1DBIS #49-98,(572) 6943892
5,17600100172902,MARIA PANESSO,ACADEMICA,PRIMARIA,EL SENA,CALLE 46C #3-00,437 32 75
5,17600100172903,MARIO LLOREDA,ACADEMICA,PRIMARIA,EL SENA,CARRERA 1D #56-16 ,437 32 75
5,176001020065,I.E CELMIRA BUENO DE OREJUELA ,ACADEMICA - MEDIA TECNICA,PRIMARIA - SECUNDARIA - MEDIA - CICLOS EDUCACIÓN PARA ADULTOS,CHIMINANGOS,CALLE 62B #1A9 - 250,(572) 4470928
5,17600102006502,MARIANO OSPINA PEREZ,ACADEMICA,PRIMARIA,LA RIVERA,CARRERA 2 CALLE 67 ESQUINA,(572) 4467997
6,176001007875,I.E PEDRO ANTONIO MOLINA ,TECNICO INDUSTRIAL,SECUNDARIA - MEDIA,SAN LUIS,CARRERA 1 A 10 #71 -00,(572) 4405332
6,17600100787502,SAN LUIS,ACADEMICA - TECNICO INDUSTRIAL,PRIMARIA - SECUNDARIA - CICLOS EDUCACIÓN PARA ADULTOS,SAN LUIS,CALLE 72 #1B 03,(572) 4405926
6,17600100787503,SAN JORGE,ACADEMICA,PRIMARIA,PETECUY 3,CARRERA 1 #74 - 23,(572) 4402626
6,17600100787504,INMACULADA CONCEPCION,ACADEMICA - TECNICO INDUSTRIAL,PRIMARIA - SECUNDARIA,PETECUY 2,CALLE 73 A #1 A 14 - 21,(572) 4329054
6,17600100787505,ATANASIO GIRARDOT,ACADEMICA,PRIMARIA - CICLOS EDUCACIÓN PARA ADULTOS,ALCAZARES,CARRERA 1 A 3 #70 B 00,(572) 4404968
6,17600100787506,JORGE ELIECER GAITAN,TECNICO INDUSTRIAL,PRIMARIA - SECUNDARIA - MEDIA,JORGE ELIECER GAITAN,CARRERA 2 C #71 -00,(572) 4428886
6,17600100787507,TRES DE JULIO,ACADEMICA,PRIMARIA,LA RIVERA ,CARRERA 1 F #71 - 00,(572) 4331059
6,17600100787508,LOS VENCEDORES,ACADEMICA - TECNICO INDUSTRIAL,PRIMARIA - SECUNDARIA - MEDIA,SAN LUIS II,CARRERA 1 A 4 #72 D 19,(572) 4409924
7,176001001664,I.E VICENTE BORRERO COSTA ,ACADEMICA,SECUNDARIA - MEDIA - CIClOS EDUCACIÓN PARA ADULTOS,ALFONZO LOPEZ III,CALLE 76 CARRERA 7 S OO EQ,(572) 6620161 - (572) 6565620
7,1760010016402,PRESBITERO ELOY VALENZUELA,ACADEMICA,PRIMARIA - ACELERACIÓN,ALFONSO LOPEZ III,CALLE 74  7 P BIS - 46,(572) 6620161 - (572) 6565620
7,17600100166403,ALFONSO LOPEZ PUMAREJO,ACADEMICA,PRIMARIA,ALFONSO LOPEZ I,CALLE 84 CARRERA 7 ABIS EQ,(572) 6620161 - (572) 6565620
7,17600100166404,CARLOS VILLAFAÑE ,ACADEMICA,PRIMARIA,ALFONSO LOPEZ III,CALLE 81 CARRERA 7 M EQ,(572) 6620161 - (572) 6565620
7,17600100166405,JOSE MARIA VILLEGAS,ACADEMICA,PRIMARIA,ALFONSO LOPEZ I,CALLE 82 CARRERA 7 D 1,(572) 6620161 - (572) 6565620
7,176001005970,I.E SIETE DE AGOSTO ,ACADEMICA - MEDIA TECNICA,SECUNDARIA - MEDIA,SIETE DE AGOSTO ,CALLE 72  11C27,(572) 6565750
7,17600100597002,ELEAZAR LIBREROS ,ACADEMICA,SECUNDARIA - CICLOS EDUCACIÓN PARA ADULTOS,SIETE DE AGOSTO ,CALLE 72  11C27,(572) 4372352
7,17600100597003,UNIDAD VECINAL SIETE DE AGOSTO ,ACADEMICA,PRIMARIA,SIETE DE AGOSTO ,CALLE 71 D1720,(572) 3744081
7,17600100597004,ANA MARIA VERNAZA ,ACADEMICA,PRIMARIA,SIETE DE AGOSTO ,CALLE 72B 8B32,3325710 - 3328642
7,176001008723,I.E MANUEL MARIA MALLARINO,MEDIA TECNICA,ACELERACIÓN - SECUNDARIA - MEDIA - CICLOS EDUCACIÓN PARA ADULTOS,LAS CEIBAS,CARRERA 7 L BIS #63-00,(572) 3797428
7,17600100872302,LAURA VICUÑA,ACADEMICA,PRIMARIA,LAS CEIBAS,CARRERA 7 L BIS #63-00,(572) 4454379
7,17600100872303,LOS PINOS,ACADEMICA,PRIMARIA,LOS PINOS,CALLE 69 A #7M BIS 00,(572) 8888541 - (572) 5502241
7,17600100872304,CARLOS HOLGUIN SARDI,ACADEMICA,PRIMARIA,SAN MARINO,PASJ 7M BIS #64-00,(572) 3268817
9,17600100175303,MARCO FIDEL SUAREZ,ACADEMICA,PRIMARIA,GUAYAQUIL,CARRERA 16 N   #6 - 61,(572) 5572533
7,176001040101,I.E ALFONSO LOPEZ PUMAREJO ,ACADEMICA - MEDIA TECNICA,SECUNDARIA - MEDIA - CICLOS EDUCACIÓN PARA ADULTOS,ALFONSO LOPEZ III ETAPA ,CARRERA 7S BIS CON CALLE 72 Y 73,(572) 6631126
7,176001006470,RAFAEL POMBO ,ACADEMICA,PRIMARIA,ALFONSO LOPEZ III ETAPA ,CARRERA 7R BIS #72-124,(572) 6630441
7,176001007336,PURIFICACION TRUJILLO,ACADEMICA,PRIMARIA,ALFONSO LOPEZ II ETAPA ,CARRERA 7J BIS #73-00,(572) 6624447
7,176001003888,FARALLONES ,ACADEMICA,SECUNDARIA,ALFONSO LOPEZ II ETAPA ,CARRERA 7J #72-10,(572) 6626864
7,176001003942,CENTRAL PROVIVIENDA,ACADEMICA,PRIMARIA,ALFONSO LOPEZ I ETAPA ,CALLE 72A #7C BIS-10,(572) 6631126
7,176001004001,I.E  SAN  JUAN BAUTISTA DE LA SALLE ,ACADEMICA,PRIMARIA - ACELERACIÓN,ANDRES SANIN,CALLE 74 #9-19,(572) 6629944 - (572) 6629986
7,17600100400101,MANUEL MARIA MALLARINO,MEDIA TECNICA,SECUNDARIA - MEDIA - CICLOS EDUCACIÓN PARA ADULTOS,PUERTO MALLARINO,CARRERA 9A #78-14,(572) 6629944 - (572) 6629986
8,176001001800,I.E VILLACOLOMBIA ,ACADEMICA,SECUNDARIA - MEDIA - CICLOS EDUCACIÓN PARA ADULTOS,VILLACOLOMBIA,CARRERA 12E #48-36,4421486/4423864
8,17600100180002,SANTISIMA TRINIDAD,ACADEMICA,PRIMARIA,EL TRONCAL,CALLE 48 #12-84,(572) 4413228
8,17600100180003,REPUBLICA DE COLOMBIA,ACADEMICA,PRIMARIA,VILLACOLOMBIA,CALLE 53 #12E-11,(572) 4431712
8,176001006071,I.E SANTA FE ,ACADEMICA,SECUNDARIA - MEDIA - CICLOS EDUCACIÓN PARA ADULTOS,SANTA FE,CALLE 34 #17B 41,4411626 - 3719880
8,17600100607102,RICARDO NIETO,ACADEMICA,SECUNDARIA,SANTA FE,CARRERA 17 CON CALLE 36,4411626 - 3719880
8,17600100607103,CROYDON  (DEMOLIDA - MEN),ACADEMICA,SECUNDARIA,ATANASIO GIRARDOT,CARRERA 16 #42 54,(572) 8934540
8,17600100607104,PUERTO RICO,ACADEMICA,PRIMARIA,LA FLORESTA,CARRERA 17 #33D 10,4417411 - 4411626
8,17600100607105,MANUEL REBOLLEDO (incluye 11 nuevas aulas SEM),ACADEMICA,PRIMARIA,LA FLORESTA,DIAGONAL 23 #17F 00,4411626 - 3719880
8,17600100607106,BAJO PALACE,ACADEMICA,PRIMARIA,SANTA FE,CALLE 34 CON CARRERA 19 ESQUINA,4411626 - 3719880
8,176001022360,I.E LAS AMERICAS ,ACADEMICA - MEDIA TECNICA,SECUNDARIA - MEDIA - CICLOS EDUCACIÓN PARA ADULTOS,LAS AMERICAS,CARRERA 12 #38-58,(572) 4103225
8,176001022360002,RAFAEL URIBE URIBE,ACADEMICA,PRIMARIA,LAS AMERICAS,CARRERA  12 #38-62,(572) 4103225
8,17600102236003,GABRIEL MONTAÑO,ACADEMICA,PRIMARIA,EL TRONCAL,CARRERA 11C #38-60,(572) 4415263
8,176001022360004,NUESTRA SEÑORA DE LORETO,ACADEMICA,PRIMARIA,INDUSTRIAL,CARRERA 8 #38-55,(572) 4036309
8,17600102236005,ATANASIO GIRARDOT,MEDIA TECNICA,SECUNDARIA,EL TRONCAL,CARRERA 11B #35-40,(572) 4415273
8,176001001826,I.E JOSE MANUEL SAAVEDRA GALINDO,ACADEMICA - MEDIA TECNICA,SECUNDARIA - MEDIA,INDUSTRIAL LOS MANGOS,CARRERA 11 A #28-25,443 18 19
8,176001004213,NUESTRA SEÑORA DE FÁTIMA,ACADEMICA,PRIMARIA,INDUSTRIAL LOS MANGOS,CARRERA 10 #28-10,441 63 63
8,176001004019,BENJAMÍN HERRERA,ACADEMICA,PRIMARIA,BENJAMÍN HERRERA,CALLE 26 #12 - 34,444 58 61
8,176001001681,I.E ALBERTO CARVAJAL BORRERO ,ACADEMICA - MEDIA TECNICA - CASD,SECUNDARIA - MEDIA,EL TREBOL,CARRERA 14 #58-00,(572) 4413443
8,17600100168102,CACIQUE DE GUATAVITA,ACADEMICA,PRIMARIA - ACELERACIÓN,CHAPINERO,CALLE 54 #15 A 20,(572) 3268817
8,17600100168103,ABRAHAN DOMINGUEZ,ACADEMICA,PRIMARIA,EL TREBOL,CARRERA 14 #17-19,(572) 4489868
8,176001003586,I. E JUAN DE AMPUDIA ,MEDIA TECNICA,SECUNDARIA - MEDIA,LA BASE,CARRERA 12 #57-13,(572) 3809395
8,17600100358602,JARDIN NACIONAL NO.1,ACADEMICA,PRIMARIA,LA BASE,CALLE 58 #11 B 48,(572) 3816357
8,17600100358603,ONCE DE NOVIEMBRE,ACADEMICA,PRIMARIA,VILLACOLOMBIA,CARRERA 11 D #52-09,(572) 3809213
8,176001004329,I. E EVARISTO GARCIA ,ACADEMICA - CASD,PRIMARIA - SECUNDARIA - MEDIA,SAAVEDRA GALINDO,CALLE 32 #17-41,(572) 4415856
8,17600100432902,SAAVEDRA GALINDO,ACADEMICA,PRIMARIA,SAAVEDRA GALINDO,CARRERA 17F TRASVERSAL 31-00,338-14-42
8,17600100432903,FERNANDO DE ARAGON,ACADEMICA,PRIMARIA - ACELERACIÓN,SANTA MONICA POPULAR ,CALLE 28A DIAGONALONAL 20,(572) 6626957 - (572) 6622018
8,17600100432904,JOSE HILARIO LOPEZ,ACADEMICA,PRIMARIA,PRIMITIVO CRESPO,CALLE 27 #17G-19,(572) 8818619 - (572) 3744559
9,176001005368,I.E REPUBLICA DE ARGENTINA,ACADEMICA - MEDIA TECNICA,PRIMARIA - ACELERACIÓN - SECUNDARIA - MEDIA - CICLOS EDUCACIÓN PARA ADULTOS,OBRERO,CARRERA 11D #23-49,(572) 8853626
9,17600100536802,POLICARPA SALAVARRIETA,ACADEMICA,PRIMARIA,OBRERO,CARRERA 11 #22A-30,(572) 8853626
9,17600100536803,JOSE MARIA CORDOBA,ACADEMICA,PRIMARIA,SUCRE,CALLE 18 #8A-15,(572) 8818662
9,17600100536804,SEBASTIAN DE BELALCAZAR,ACADEMICA,PRIMARIA,SUCRE,CALLE 17  #14-57,(572) 8835409
9,176001001702,I.E GENERL ALFREDO VASQUEZ COBO ,ACADEMICA - MEDIA TECNICA,SECUNDARIA - MEDIA - CICLOS EDUCACIÓN PARA ADULTOS,ARANJUEZ,CALLE 15A  #22A-37 ,(572) 3741844
9,17600100170202,REPUBLICA DEL ECUADOR ,ACADEMICA,PRIMARIA,GUAYAQUIL,CALLE 16  #18A-54,338-14-42
9,17600100170203,NUESTRA SEÑORA DE LOS REMEDIOS ,ACADEMICA,PRIMARIA - ACELERACIÓN,BELALCAZAR,CARRERA 17 D  #18-46,(572) 4036309
9,176001001753,I.E ANTONIO JOSE CAMACHO,TECNICO INDUSTRIAL,SECUNDARIA - MEDIA,GUAYAQUIL,CARRERA 16 #12-00,(572) 5582689 - (572) 5587194 EXT. 101-109-110
9,17600100175302,REPUBLICA DEL PERU,ACADEMICA,PRIMARIA,BRETAÑA,CALLE 9E #23-02,(572) 3102157
9,17600100175304,JARDIN INFANTIL DIVINO SALVADOR,ACADEMICA,PRIMARIA,GUAYAQUIL,CARRERA 15 #6-110,(572) 5574175
9,17600100175305,OLGA LUCIA LLOREDA,ACADEMICA,PRIMARIA,JUNIN,CARRERA 23A #13B 11,(572) 5574175
10,176001020359,I.E RAFAEL NAVIA VARON,TECNICO INDUSTRIAL,SECUNDARIA - MEDIA,DEPARTAMENTAL,CALLE 11 #45-46,(572) 5547094
10,17600102035902,FRANCISCO MONTES IDROBO,ACADEMICA,PRIMARIA,DEPARTAMENTAL,CALLE 12 #42-45,(572) 5579902
10,17600102035903,PANAMERICANA,ACADEMICA,PRIMARIA,PANAMERICANO,CALLE 12B #48BIS - 16,(572) 5579902
10,176001004531,I.E NORMAL SUPERIOR SANTIAGO DE CALI,ACADEMICA - MEDIA TECNICA,SECUNDARIA - MEDIA - COMPLEMENTARIO,COLSEGUROS,CARRERA 33A #12-60,(572) 3356233
10,17600100453102,JOAQUIN DE CAICEDO Y CUERO,ACADEMICA,PRIMARIA,OLIMPICO,CARRERA 36A #12C-00,(572) 3351810
10,176001001796,I.E JOSE MARIA VIVAS BALCAZAR ,ACADEMICA - MEDIA TECNICA,SECUNDARIA - MEDIA - CICLOS EDUCACIÓN PARA ADULTOS,LA SELVA,CALLE 14 #48A-32,(572) 3351363
10,17600100179602,FERNANDO VELASCO,ACADEMICA,PRIMARIA - CICLOS EDUCACIÓN PARA ADULTOS,SAN JUDAS,CALLE 23 #44A-16,(572) 3351541
10,17600100179603,SANTO DOMINGO,ACADEMICA,PRIMARIA,SANTO DOMINGO,CARRERA 47 #13C-100,(572) 3260229
10,176001007166,I.E JOSE MARIA CARBONELL,ACADEMICA - TECNICO INDUSTRIAL,SECUNDARIA - MEDIA - CICLOS EDUCACIÓN PARA ADULTOS,COLSEGUROS,CALLE 13 #32-88,(572) 4854535 - (572) 4854534
10,17600100716602,HONORIO VILLEGAS,ACADEMICA,PRIMARIA,EL DORADO,CARRERA 37A #13A- 20,(572) 3799046
10,17600100716603,ISABEL DE CASTILLA,ACADEMICA,PRIMARIA,CRISTOBAL COLON,CARRERA 33 #15-82,(572) 3799580
10,176001005716,I.E JOAQUIN DE CAYZEDO Y CUERO ,ACADEMICA - MEDIA TECNICA,SECUNDARIA - MEDIA - CICLOS EDUCACIÓN PARA ADULTOS,CRISTOBAL COLON,CARRERA  35 #15-33,3706868 / 3352170 / 3352383
10,17600100571602,CAMILO TORRES,ACADEMICA,PRIMARIA - SECUNDARIA,COLSEGURO,CARRERA 24 #10A-98,(572) 5580905
10,17600100571603,SAN ROQUE,ACADEMICA,PRIMARIA - ACELERACIÓN - SECUNDARIA,CRISTOBAL COLON,CARRERA 32A #15A-59,(572) 3365639
10,17600100571604,GENERAL CARLOS ALBAN,ACADEMICA,PRIMARIA - ACELERACIÓN,SANTA ELENA ,CALLE 18A #24-65,(572) 8828377
10,176001008642,I.E CARLOS HOLGUIN LLOREDA ,ACADEMICA - CASD,SECUNDARIA - MEDIA,EL GUABAL ,CARRERA 40 #18- 85,(572) 3362316
10,17600100864202,SANTA ELENA ,ACADEMICA,PRIMARIA,SANTA ELENA ,CALLE 23 #32-79,(572) 3347584
10,17600100864203,REPUBLICA DE COSTA RICA ,ACADEMICA,PRIMARIA - ACELERACIÓN - CICLOS EDUCACIÓN PARA ADULTOS,EL GUABAL ,CARRERA 40 #14C ,(572) 3372822
10,17600100864204,JARDIN NACIONAL N°2,ACADEMICA,PRIMARIA,EL GUABAL ,CARRERA 42A #14B-15,(572) 3344750
11,176001005121,I.E TECNICO  COMERCIAL  VILLA DEL SUR ,MEDIA TECNICA,PRIMARIA,CIUDAD MODELO,CALLE 30 A #41 E 99,3799296-3799297
11,176001002962,SUSANA VINASCO DE QUINATANA ,ACADEMICA,SECUNDARIA - MEDIA,SAN CARLOS,CALLE 31 A #33,3369561 - 3262678
11,176001006119,I.E FRANCISCO DE PAULA SANTANDER ,ACADEMICA - MEDIA TECNICA,SECUNDARIA - MEDIA - CICLOS EDUCACIÓN PARA ADULTOS,EL JARDIN,CALLE 27 #31A-60,(572) 3352352
11,17600100611902,JULIO ARBOLEDA,ACADEMICA,PRIMARIA - ACELERACIÓN,LOS CONQUISTADORES,CALLE 35E #30-24,337-47-46
11,17600100611903,LEON XIII,ACADEMICA,PRIMARIA - SECUNDARIA,LEON XIII,CALLE 35E #29B,(572) 4454379
11,17600100611904,SAN PEDRO CODENAL,ACADEMICA,PRIMARIA,SAN PEDRO CLAVEL,CARRERA 31D #31 10,338-14-42
11,17600100611905,JOSE VICENTE CONCHA,ACADEMICA,PRIMARIA - ACELERACIÓN - SECUNDARIA,LA FORTALEZA,CARRERA 30 A #30A-27,337-47-46
11,176001002881,I.E DIEZ DE  MAYO ,ACADEMICA - TECNICO INDUSTRIAL,PRIMARIA - SECUNDARIA - MEDIA - CICLOS EDUCACIÓN PARA ADULTOS,AGUABLANCA,CARRERA 25A #26A-13,(572) 3345871
11,17600100288102,INSTITUCION EDUCATIVA REPUBLICA DE ITALIA,ACADEMICA,PRIMARIA,AGUABLANCA,CARRERA 24B CALLE 26B,(572) 3213046
11,176001005805,I.E CIUDAD MODELO ,ACADEMICA - CASD,PRIMARIA - SECUNDARIA - MEDIA,CIUDAD MODELO,CARRERA 40B #31C,(572) 3372920
11,17600100580502,LA PRIMAVERA,ACADEMICA - CASD,PRIMARIA - SECUNDARIA - MEDIA - CICLOS EDUCACIÓN PARA ADULTOS,LA PRIMAVERA,CARRERA 35 #34C-21,3265442-3341837
11,176001005341,I.E CIUDAD DE CALI ,ACADEMICA - MEDIA TECNICA,SECUNDARIA - MEDIA - CICLOS EDUCACIÓN PARA ADULTOS,PRADO DE ORIENTE,CALLE 30 #25-00,(572) 3351417
11,17600100534102,EL RECUERDO,ACADEMICA,PRIMARIA,EL RECUERDO,CARRERA 26 #29-25,(572) 4412402
11,17600100534103,GENERAL ALFREDO VASQUEZ  COBO,MEDIA TECNICA,PRIMARIA - SECUNDARIA - MEDIA,20 DE JULIO,DIAGONAL 23 #T25-25,(572) 3374312
11,176001008791,I.E BOYACA ,ACADEMICA - MEDIA TECNICA,SECUNDARIA - MEDIA - CICLOS EDUCACIÓN PARA ADULTOS,BOYACA,CARRERA 33A #25-25,(572) 3353916
11,17600100879102,SANTO DOMINGO ,ACADEMICA,PRIMARIA,EL JARDIN,CARRERA  29A #26B-64,(572) 3353916
11,17600100879103,LA INDEPENDENCIA,ACADEMICA,PRIMARIA - SECUNDARIA,LA INDEPENDENCIA,CARRERA  39 #26C-30,(572) 3353916
11,176001029411,I. E AGUSTIN NIETO CABALLERO ,MEDIA TECNICA,SECUNDARIA - MEDIA,EL JARDIN,CARRERA 37 #26 C 51,3367288 / 3352344
11,17600102941102,MARINO RENGIFO SALCEDO,MEDIA TECNICA,PRIMARIA - SECUNDARIA - MEDIA,VILLA DEL SUR,CALLE 26 C #44-00,(572) 3367287
11,17600102941103,JOSE MARIA VIVAS BALCAZAR,ACADEMICA,PRIMARIA - ACELERACIÓN,EL JARDIN,CARRERA 36 #26B 28,(572) 3344663
11,17600102941104,ANTONIO RICAURTE,ACADEMICA,PRIMARIA,JOSE HOLGUIN GARCES,CALLE 26 B CON CARRERA 46,(572) 3261040
12,176001002989,I.E MARICE SINISTERRA,TECNICO INDUSTRIAL,PRIMARIA - SECUNDARIA - MEDIA - CICLOS EDUCACIÓN PARA ADULTOS,EL RODEO,CALLE 39 #25A-43,(572) 4453459
12,17600100298902,ASTURIAS,ACADEMICA,PRIMARIA - CICLOS EDUCACIÓN PARA ADULTOS,ASTURIA,CARRERA 24B #43-40,(572) 4485469
12,17600100298903,FENALCO ASTURIAS,ACADEMICA,PRIMARIA,FENALCO KENNEDY,CALLE 44  #25A-12,(572) 4416596
12,176001003951,I.E JULIO CAICEDO Y TELLEZ ,ACADEMICA - CASD,PRIMARIA - SECUNDARIA - MEDIA,NUEVA FLORESTA,CALLE  59 #24B-40,"4380308
4442237"
12,17600100395102,BATALLA DE CARABOBO,ACADEMICA,PRIMARIA,NUEVA FLORESTA,CALLE  51 #16-00,(572) 4412610
12,17600100395103,FRANCISCO DE PAULA SANTANDER,ACADEMICA - CASD,PRIMARIA - SECUNDARIA - MEDIA,NUEVA FLORESTA,CARRERA  26H #50-52,(572) 4380430
12,17600100395104,ESTHER ZORRILLA,ACADEMICA,PRIMARIA,NUEVA FLORESTA,CALLE  59 #24-00,(572) 6805431
12,17600100395105,JARDIN INFANTIL MI BOSQUECITO,ACADEMICA,PRIMARIA,NUEVA FLORESTA,CALLE  57 #24A-03,(572) 4442237
12,176001003918,I.E JUAN XXIII,ACADEMICA,PRIMARIA,SINDICAL,CARRERA 28C # 50-17,(572) 4452548
12,17600100391802,NST EDUC   CIUDAD DE CALI.,ACADEMICA - MEDIA TECNICA,SECUNDARIA - MEDIA,DOCE DE OCTUBRE,CALLE 46 #28F-30,(572) 4416027
12,17600100391803,BELLO HORIZONTE,ACADEMICA,PRIMARIA,BELLO HORIZONTE,CALLE 36A #27A-30,(572) 4436383
12,17600100391804,CENTRO DOCENTE NIÑO JESUS DE PRAGA,ACADEMICA,SECUNDARIA - CIClOS EDUCACIÓN PARA ADULTOS,SINDICAL,CARRERA 28C #44-90,(572) 4454201
12,17600100391805,CENTRO DOCENTE JULIO RINCON,ACADEMICA,PRIMARIA - ACELERACIÓN,JULIO RINCON,CALLE 70 #28E BIS - 01,(572) 4458897
12,17600100391806,SAN BUENAVENTURA,ACADEMICA,PRIMARIA,EDUARDO SANTOS,DIAGONAL 29 #T29 - 30,(572) 4480491
12,176001002555,I. E HERNANDO NAVIA VARON ,ACADEMICA - MEDIA TECNICA,SECUNDARIA - MEDIA - CICLOS EDUCACIÓN PARA ADULTOS,NUEVA FLORESTA,CARRERA 26P N  50-39,(572) 4438995
12,17600100255503,FRAY JOSE IGNACIO ORTIZ,ACADEMICA,PRIMARIA,NUEVA FLORESTA,CARRERA 26 N  52-58,(572) 4438995
12,176001002911,I. E EVA RIASCOS PLATA ,ACADEMICA - CASD,SECUNDARIA - MEDIA - CICLOS EDUCACIÓN PARA ADULTOS,VILLLANUEVA,TRANSVERSAL 25D #26-69,410 22 94
12,17600100291102,ALFONSO BARBERENA,ACADEMICA,PRIMARIA,ALFONSO BARBERENA,CARRERA 25  BIS 33 C ESQUINA, 483 68 59
12,17600100291103,HERNANDO CAICEDO ,ACADEMICA,PRIMARIA,VILLLANUEVA,TRANSVERSAL 29 #27A-00,483 74 90
13,176001025946,I.E SANTA ROSA ,ACADEMICA,PRIMARIA - ACELERACIÓN - SECUNDARIA - MEDIA - CICLOS EDUCACIÓN PARA ADULTOS,POBLADO 2,CALLE 72X #28B-35,(572) 4376659
13,176001020383,JOSE CARDONA HOYOS,ACADEMICA,PRIMARIA - CICLOS EDUCACIÓN PARA ADULTOS,COMUNEROS 2,CALLE 72N #28-130,(572) 4374631
13,176001032063,I.E LUZ HAYDEE GUERRERO MOLINA,ACADEMICA - TECNICO INDUSTRIAL,SECUNDARIA - MEDIA - CIClOS EDUCACIÓN PARA ADULTOS,LOS ROBLES,CARRERA 28E2 #72S-02,(572) 4371539
13,17600103206302,RODRIGO LLOREDA CAICEDO,TECNICO INDUSTRIAL,PRIMARIA,POBLADO 1,CARRERA 30 #44A-21,(572) 4374779
13,176001024273,I.E JESUS VILLAFAÑE FRANCO ,MEDIA TECNICA,PRIMARIA - ACELERACIÓN - SECUNDARIA - MEDIA - CICLOS EDUCACIÓN PARA ADULTOS,MARROQUIN III,CALLE 72P TRANSVERSAL 72 S ESQUINA,(572) 4260899 - (572) 4266119
13,17600102427302,OMAIRA SÁNCHEZ,ACADEMICA,PRIMARIA - SECUNDARIA,RODRIGO LARA BONILLA,TRANSVERSAL 72 W #72 O- 08,(572) 4260899 - (572) 4266119
13,176001020693,I.E HUMBERTO JORDAN MAZUERA ,ACADEMICA - CASD,PRIMARIA - ACELERACIÓN - SECUNDARIA - MEDIA - CICLOS EDUCACIÓN PARA ADULTOS,RICARDO BALCAZAR ,CARRERA 26 I D #71A 1-25 ,(572) 6561290 EXT.102
13,17600102069302,MIGUEL CAMACHO PEREA ,ACADEMICA - CASD,PRIMARIA - SECUNDARIA - MEDIA - CICLOS EDUCACIÓN PARA ADULTOS,LOS COMUNEROS II,CARRERA 28A #72F-09,(572) 4369956
13,17600102069303,VILLABLANCA,ACADEMICA,PRIMARIA - ACELERACIÓN - SECUNDARIA - CICLOS EDUCACIÓN PARA ADULTOS,VILLABLANCA,DIAGONAL 72 F  #28A-05,(572) 4423336
13,17600102069304,CHARCO AZUL ,ACADEMICA,PRIMARIA,CHARCO AZUL ,DIAGONAL 70 B1 #22B BIS 01,(572) 6621542
13,176001007115,I.E EL DIAMANTE ,ACADEMICA - MEDIA TECNICA,PRIMARIA - SECUNDARIA - MEDIA - CICLOS EDUCACIÓN PARA ADULTOS,EL DIAMANTE ,CARRERA 31 #41-00,(572) 4260678 EXT 104
13,17600100711502,JUAN PABLO II,ACADEMICA,PRIMARIA - ACELERACIÓN,EL VERGEL,CARRERA 33  #42C-09,(572) 4260678 EXT 104
13,176001003161,I.E BARTOLOME LOBO GUERRERO,ACADEMICA - MEDIA TECNICA,PRIMARIA - SECUNDARIA - MEDIA - CICLOS EDUCACIÓN PARA ADULTOS,CARLOS LLERAS RESTREPO,CALLE 71 #26E-25,(572) 6632481
13,17600100316102,ENRIQUE OLAYA HERRERA,ACADEMICA,PRIMARIA,ULPIANO LLOREDA,CALLE 71 #25A-15,(572) 4372352
14,176001027001,I.E MONSEÑOR RAMON ARCILA ,ACADEMICA - TECNICO INDUSTRIAL,SECUNDARIA - MEDIA - CICLOS EDUCACIÓN PARA ADULTOS,JOSE MANUEL MARROUIN ,DIAGONAL 26 I3  #T80A-18,(572) 4483128 - (572) 4224459
14,176001027002,RAUL SILVA HOLGUIN,ACADEMICA,PRIMARIA - SECUNDARIA,JOSE MANUEL MARROUIN ,DIAGONAL 26 #83-24,(572) 4483633
14,176001027003,ALFONSO REYES ECHANDIA ,ACADEMICA,PRIMARIA - CICLOS EDUCACIÓN PARA ADULTOS,JOSE MANUEL MARROUIN ,DIAGONAL 26 P 16  #105-06,(572) 4228221
14,176001027004,PUERTA DEL SOL IV Y V ,ACADEMICA,PRIMARIA - ACELERACIÓN - SECUNDARIA - CICLOS EDUCACIÓN PARA ADULTOS,PUERTA DEL SOL ,DIAGONAL 108 #26-104,(572) 6638697
14,176001014359,I.E LA ANUNCIACION ,ACADEMICA - MEDIA TECNICA,PRIMARIA - ACELERACIÓN - SECUNDARIA - MEDIA - CIClOS EDUCACIÓN PARA ADULTOS,ALIRIO MORA,CARRERA 26A #74-00,(572) 4042061
14,17600101435902,LOS NARANJOS,ACADEMICA,PRIMARIA,LOS NARANJOS,CARRERA 26 G CON CALLE 70,(572) 4225399
14,17600101435903,PUERTA DEL SOL,ACADEMICA - MEDIA TECNICA,PRIMARIA - SECUNDARIA - MEDIA,PUERTA DEL SOL,CALLE 84 #26C-04,(572) 4233406
14,176001017374,I.E GABRIELA MISTRAL ,ACADEMICA,PRIMARIA - SECUNDARIA - MEDIA - CICLOS EDUCACIÓN PARA ADULTOS,ALFONSO BONILLA ARAGON,CALLE 95 CARRERA 27 D 96-06,(572) 3900731
14,17600101737402,DAMASO ZAPATA,ACADEMICA,PRIMARIA,PILAR TAYRONA,CALLE 92 #28C-12,(572) 8934540
14,17600101737403,ELIAS SALAZAR GARCIA,ACADEMICA,PRIMARIA - ACELERACIÓN - SECUNDARIA,MANUELA BELTRAN,CARRERA 26 H1 CALLE 108 ESQUINA,(572) 4372352
14,17600101737404,ISAIA HERNAN IBARRA,ACADEMICA,PRIMARIA - SECUNDARIA,LAS ORQUIDEAAS,CARRERA 27 F CALLE 112-113,(572) 3935960 - (572) 4379636
15,176001016491,I.E GABRIEL GARCIA MARQUEZ ,ACADEMICA,SECUNDARIA - MEDIA - CICLOS EDUCACIÓN PARA ADULTOS,COMUNEROS 1,CARRERA 29B #54-00,(572) 4264409 - (572) 4005451
15,17600101649102,JOSE RAMON BEJARANO,ACADEMICA,PRIMARIA - ACELERACIÓN,COMUNEROS 1,CARRERA 32A #49-00,(572) 4264409 - (572) 4005451
15,17600101649103,ALFONSO BONILLA NAAR,ACADEMICA,PRIMARIA - ACELERACIÓN,COMUNEROS 1,CALLE 57 #33-11,(572) 4264409 - (572) 4005451
15,176001015975,I.E CIUDAD CORDOBA ,ACADEMICA - MEDIA TECNICA,PRIMARIA - SECUNDARIA - MEDIA - CIClOS EDUCACIÓN PARA ADULTOS,CIUDAD CORDOBA,CARRERA 50 CALLE 50,(572) 4836871- (572) 3937398 - (57) 3187876780
15,17600101597502,ENRIQUE OLAYA HERRERA,ACADEMICA,PRIMARIA - SECUNDARIA - MEDIA - CICLOS EDUCACIÓN PARA ADULTOS,EL VALLADO,CALLE 51 #40A-08,(572) 3937398
15,176001028872,I.E CARLOS HOLGUIN MALLARINO,ACADEMICA - MEDIA TECNICA,ACELERACIÓN - SECUNDARIA - MEDIA - CICLOS EDUCACIÓN PARA ADULTOS,COMUNEROS 1,CALLE 55A #30B-50,(572) 4263307 EXT 101 y 104
15,17600102887202,MIGUEL DE POMBO,ACADEMICA - MEDIA TECNICA,PRIMARIA - ACELERACIÓN - SECUNDARIA - MEDIA - CICLOS EDUCACIÓN PARA ADULTOS,MOJICA I,CALLE 92 #28D4-13,(572) 6661174
15,17600102887203,NIÑO JESUS DE ATOCHA},ACADEMICA - MEDIA TECNICA,PRIMARIA - ACELERACIÓN - SECUNDARIA - MEDIA,MOJICA I,CALLE 83 #28E3-05,(572) 4234105
15,176001043791,I. E CIUDADELA NUEVO LATIR,ACADEMICA,PRIMARIA - ACELERACIÓN - SECUNDARIA - MEDIA,ALFONSO BONILLA ARAGON,CALLE 76 #28-20,(572) 4269345
15,176001043847,CIUDADELA EDUCATIVA ISAIAS DUARTE CANCINO,ACADEMICA,PRIMARIA - SECUNDARIA - MEDIA,MOJICA,CALLE 96 #28E3-02,(572) 4140010
16,176001028970,I.E TECNICO INDUSTRIAL DONALD RODRIGO TAFUR ,ACADEMICA - MEDIA TECNICA,SECUNDARIA - MEDIA - CICLOS EDUCACIÓN PARA ADULTOS,REPUBLICA DE ISRAEL,CARRERA 43B #40-11,(572) 3377731
16,17600102897002,FRANCISCO JOSE RUIZ,ACADEMICA,PRIMARIA,REPUBLICA DE ISRAEL,CARRERA 43B  #38A-16,(572) 3281352
16,17600102897003,ALEJANDRO MONTAÑO,ACADEMICA,PRIMARIA,UNION DE VIVIENDA POPULAR,CARRERA 41 H #38-44,(572) 3281963
16,17600102897004,ANTONIO NARIÑO,ACADEMICA,PRIMARIA,ANTONIO NARIÑO,CARRERA 40 #38 - 38,(572) 3711669
16,17600102897005,JOSE MARIA CARBONELL,ACADEMICA,PRIMARIA,ANTONIO NARIÑO,CARRERA 39 #39 D 86,(572) 3711669
16,176001004256,I.E CRISTOBAL COLON,ACADEMICA - MEDIA TECNICA,PRIMARIA - ACELERACIÓN - SECUNDARIA - MEDIA - CIClOS EDUCACIÓN PARA ADULTOS,MARIANO RAMOS,CARRERA 47A #44-62,(572) 4022710
16,17600100425602,JOSE JUAQUIN JARAMILLO,ACADEMICA,PRIMARIA,REPUBLICA DE ISRAEL,CARRERA 44 #44-64,337-47-46
16,17600100425603,BIENESTAR SOCIAL ,ACADEMICA,PRIMARIA - ACELERACIÓN,MARIANO RAMOS,CARRERA 47B #45-74,(572) 3377969
16,17600100425604,ANTONIA SANTOS,ACADEMICA,PRIMARIA,REPUBLICA DE ISRAEL,CARRERA 43 #43-04,3325710 - 3328642
16,176001040119,I. E RODRIGO LLOREDA CAICEDO ,MEDIA TECNICA,SECUNDARIA - MEDIA,MARIANO RAMOS,CALLE 38A #47A-45,3283404-3275201
16,17600104011902,LUIS ENRIQUE MONTOYA,ACADEMICA,PRIMARIA - ACELERACIÓN,MARIANO RAMOS,CARRERA 46 #38A-50,(572) 3277588
16,17600104011903,PRIMITIVO CRESPO,ACADEMICA,PRIMARIA - ACELERACIÓN,BRISAS DEL LIMONAR,CALLE 41 #51A-30,(572) 3320875
16,17600104011904,MICAELA CASTRO BORRERO,ACADEMICA,PRIMARIA - ACELERACIÓN,MARIANO RAMOS,CARRERA 46 #38A-39,(572) 3280105
16,176001006356,I. E LIBARDO MADRID VALDERRAMA ,ACADEMICA,SECUNDARIA - MEDIA - CICLOS EDUCACIÓN PARA ADULTOS,UNION DE VIVIENDA POPULAR,CARRERA 41H #39 - 73,3283422 ext 105 - 108
16,176001006356,ANGELICA SIERRA ARIZABALETA,ACADEMICA,PRIMARIA,UNION DE VIVIENDA POPULAR,CALLE 40 #39-58,(572) 3283422
16,176001006356,PABLO NERUDA,ACADEMICA,PRIMARIA,ANTONIO NARIÑO,CARRERA 39D #38-44,(572) 3283422
16,176001006356,PRIMERO DE MAYO,ACADEMICA,PRIMARIA - ACELERACIÓN,ANTONIO NARIÑO,CARRERA 39 #37-14,(572) 3283422
16,176001007131,I. E CARLOS HOLMES TRUJILLO ,MEDIA TECNICA,PRIMARIA - ACELERACIÓN - SECUNDARIA - MEDIA,REPUBLICA DE ISRAEL,CARRERA 43 CALLE 44 ESQUINA,(572) 3923140
16,17600100713102,LISANDRO FRANKY,MEDIA TECNICA,PRIMARIA - SECUNDARIA - MEDIA - CIClOS EDUCACIÓN PARA ADULTOS,ANTONIO NARIÑO,CARRERA 40 CALLE 46 ESQUINA,(572) 3280668
16,17600100713103,CRISTO MAESTRO,MEDIA TECNICA,PRIMARIA - ACELERACIÓN,UNION DE VIVIENDA POPULAR,CARRERA 41F CALLE 44 ESQUINA ,(572) 3384737
16,17600100713104,POLICARPA SALAVARRIETA ,MEDIA TECNICA,PRIMARIA - SECUNDARIA,ANTONIO NARIÑO,CARRERA 40 CALLE 44 ESQUINA ,(572) 3280128
17,176001032055,I.E I.T.I COMUNA 17 ,TECNICO INDUSTRIAL,SECUNDARIA - MEDIA - CICLOS EDUCACIÓN PARA ADULTOS,CAÑAVERALES,CARRERA 53 #18A-25,(572) 3150537
17,17600103205502,LUIS CARLOS ROJAS GARCES,ACADEMICA,PRIMARIA,PRIMERO DE MAYO,CARRERA 56 #13F-40,(572) 3318530
18,176001014138,I.E LA ESPERANZA ,ACADEMICA - MEDIA TECNICA,PRIMARIA - ACELERACIÓN - SECUNDARIA - MEDIA - CIClOS EDUCACIÓN PARA ADULTOS,ALTO JORDAN,CARRERA 94A OESTE #1A-1-46,(572) 3332019
18,17600101413802,MAGDALENA ORTEGA DE NARIÑO,ACADEMICA - MEDIA TECNICA,PRIMARIA - ACELERACIÓN - SECUNDARIA - MEDIA - CICLOS EDUCACIÓN PARA ADULTOS,POLVORINES,CALLE 4 OESTE #94A-54,(572) 3326804
18,17600101413803,MONSEÑOR LUIS ADRIANO DIAZ ,MEDIA TECNICA,PRIMARIA,ALTO MELENDEZ,CARRERA 94C #2-111,(572) 3325191
18,176001004515,I.E JUAN PABLO II SEDE PORTETE DE TARQUI,ACADEMICA - MEDIA TECNICA,PRIMARIA - ACELERACIÓN - SECUNDARIA - MEDIA,PRADOS DEL SUR,CALLE 1A  #72-23,(572) 3240917
18,176001004515,PORTETE DE TARQUI,ACADEMICA - MEDIA TECNICA,PRIMARIA - SECUNDARIA - MEDIA - CICLOS EDUCACIÓN PARA ADULTOS, LOURDES,CALLE 1A OESTE #73-00,(572) 3231730
18,176001011724,ALVARO ESCOBAR NAVIA,ACADEMICA,PRIMARIA - ACELERACIÓN - CICLOS EDUCACIÓN PARA ADULTOS,PRADOS DEL SUR,CARRERA 73D #1B-85,(572) 3230198
18,176001022572,TEMPLO DEL SABER,ACADEMICA,PRIMARIA,ALTO LOS CHORROS,CALLE 2C OESTE #75-10,(572) 3233551
18,176001011163,I.E ALVARO ECHEVERRY PEREA,ACADEMICA - MEDIA TECNICA,SECUNDARIA - MEDIA - CICLOS EDUCACIÓN PARA ADULTOS,MELENDEZ,CALLE 4 # 92-4,(572) 3328642
18,176001011163,LUIS EDUARDO NIETO CABALLERO,ACADEMICA,PRIMARIA - ACELERACIÓN - SECUNDARIA,MELENDEZ,CARRERA 92 #4-119,(572) 4028127
18,176001011163,EDUARDO RIASCOS GRUESO,ACADEMICA,PRIMARIA,MELENDEZ,CARRERA 93 #2A-00,(572) 3928577
18,176001011163,RUFINO JOSE CUERVO,ACADEMICA,PRIMARIA - ACELERACIÓN,MELENDEZ,CALLE 4  #92-4,(572) 3328642
19,176001013310,I.E POLITECNICO MUNICIPAL DE CALI ,ACADEMICA - MEDIA TECNICA,SECUNDARIA - MEDIA,PAMPALINDA,CARRERA 62  #2-28,(572) 5523616 - (572) 5521240 - (572) 5523681
19,17600101331002,GENERAL SANTANDER,ACADEMICA,PRIMARIA,BUENOS AIRES,CALLE 5 #70-160,(572) 8828377
19,17600101331003,CELIMO RUEDA,ACADEMICA,PRIMARIA,BUENOS AIRES,CARRERA 73 #3-94,(572) 3385290
19,17600101331004,25 DE JULIO,ACADEMICA,PRIMARIA,JOAQUIN BORRERO SINISTERRA,CALLE 6 #59A-51, 339 79 39
19,17600101331005,JHON F. KENNEDY,ACADEMICA,PRIMARIA,CALDAS,CARRERA 68 #3-83,337-47-46
19,17600101331006,BUENOS AIRES,ACADEMICA,ACELERACIÓN - SECUNDARIA - MEDIA - CICLOS EDUCACIÓN PARA ADULTOS,BUENOS AIRES,CARRERA 73 #3-94,(572) 6641557 - (572) 6648661
19,176001001745,I.E LICEO DEPARTAMENTAL ,ACADEMICA - MEDIA TECNICA,SECUNDARIA - MEDIA,EUCARISTICO,CARRERA 37A # 8-38,(572) 5576236
19,176001001001,LA PRESENTACION,ACADEMICA,PRIMARIA,TRES DE JULIO,CALLE 5B1 #29-06,(572) 5576236
19,176001004990,LA GRAN COLOMBIA,ACADEMICA,PRIMARIA,EL CEDRO,CARRERA 24 #7-74,(572) 5580066
19,176001004485,I.E JUANA CAICEDO Y CUERO ,ACADEMICA - MEDIA TECNICA,SECUNDARIA - MEDIA - CICLOS EDUCACIÓN PARA ADULTOS,EL LIDO,CARRERA 50 #1-85,(572) 3105911
19,17600100448502,SIMON BOLIVAR,ACADEMICA,PRIMARIA - ACELERACIÓN,SILOE,CALLE 1 #42A-94,(572) 6805606
19,17600100448503,ANTONIA SANTOS,ACADEMICA,PRIMARIA,SILOE/BELEN,CARRERA 38 OESTE # 3A-06 ,3325710 - 3328642
19,176001001770,I. E EUSTAQUIO PALACIOS ,ACADEMICA - MEDIA TECNICA,PRIMARIA - SECUNDARIA - MEDIA - CIClOS EDUCACIÓN PARA ADULTOS,LIDO,CARRERA 52 #2-51,(572) 5534257
19,17600100177002,LUIS LOPEZ DE MEZA,ACADEMICA,PRIMARIA,SILOE,CALLE 3 OESTE #42-44,(572) 5534257
19,17600100177003,SOFIA CAMARGO DE LLERAS,ACADEMICA,PRIMARIA - ACELERACIÓN,LLERAS CAMARGO,CALLE 12A OESTE,(572) 5534257
19,17600100177004,GENERAL ANZOATEGUI,ACADEMICA,PRIMARIA,LIDO,CALLE 1A #41-68,(572) 5534257
19,17600100177005,SANTIAGO RENGIFO SALCEDO,ACADEMICA,PRIMARIA - SECUNDARIA,LA SULTANA,CALLE 23 OESTE #47 - 06,(572) 5534257
19,17600100177006,FRAY CRISTOBAL DE TORRES,ACADEMICA,PRIMARIA,LLERAS CAMARGO,CARRERA 48 OESTE  #14 OESTE,(572) 5532457
19,17600100177007,MARISCAL JORGE ROBLEDO,ACADEMICA,PRIMARIA,LLERAS CAMARGO,CARRERA 44 OESTE #9-02,(572) 5532457
19,17600100177008,MIGUEL ANTONIO CARO,ACADEMICA,PRIMARIA,SILOE,CALLE 6 OESTE,(572) 5534257
19,17600100177009,MANUEL MARIA BUENAVENTURA,ACADEMICA,PRIMARIA,SECTOR SAN FRANCISCO,CARRERA  40B OESTE ,(572) 5534257
19,17600100177010,TULIO ENRIQUE TASCON,ACADEMICA,PRIMARIA,VIA CRISTO REY,KILOMETRO CINCO,(572) 5534257
19,17600100177012,CELANESE,ACADEMICA,PRIMARIA,BELEN,CALLE 5 #38B-29,(572) 5534257
20,176001037600,I.E MULTIPROPOSITO ,MEDIA TECNICA,ACELERACIÓN - SECUNDARIA - MEDIA,BELLA SUIZA,CARRERA  56  #7 OESTE 190,(572) 5135947 - (572) 5135949
20,176001004981,JORGE ELIESER GONZALES RUBIO,ACADEMICA,PRIMARIA - CICLOS EDUCACIÓN PARA ADULTOS,EL CORTIJO,CALLE  8  #52-16  OESTE,(572) 5535068
20,176001003268,LUIS ALBERTO ROSALES,ACADEMICA,PRIMARIA,TIERRA BLANCA,CARRERA  51 B  #6H-00  OESTE,(572) 5546003
20,176001004493,REPUBLICA DE PANAMA,ACADEMICA,PRIMARIA - CICLOS EDUCACIÓN PARA ADULTOS,PUEBLO JOVEN,DIAGONAL  48 #12-00  OESTE ,(572) 5513718
20,276001005877,SANTA LUISA,ACADEMICA,PRIMARIA - CICLOS EDUCACIÓN PARA ADULTOS,LA SIRENA,CALLE CENTRAL VEREDA LA SIRENA,(572) 5532637
21,176001030788,I.E CIUDADELA DESEPAZ ,TECNICO INDUSTRIAL,PRIMARIA - ACELERACIÓN - SECUNDARIA - MEDIA - CICLOS EDUCACIÓN PARA ADULTOS,DESEPAZ,CARRERA 23 #120G-16,(572) 4200125
21,376001043455,INSTITUCION EDUCATIVA NELSON GARCÉS VERNAZA - POTRERO GRANDE,ACADEMICA - MEDIA TECNICA,PRIMARIA - SECUNDARIA - MEDIA,POTRERO GRANDE,CARRERA 28 ENTRE CALLES 123 Y 125,4421958 - 6801777
51,276001003289,I.E NAVARRO ,ACADEMICA - CASD,PRIMARIA - SECUNDARIA - MEDIA - CICLOS EDUCACIÓN PARA ADULTOS,CABECERA NAVARRO,CORREGIMIENTO NAVARRO,(572) 5523781
51,27600100328902,JUAN DEL CORRAL,ACADEMICA,PRIMARIA,VEREDA EL ESTERO ,CORREGIMIENTO NAVARRO,337-47-46
51,176001013301,I.E  TECNICA DE BALLET CLASICO INCOLBALLET,MEDIA TECNICA,PRIMARIA - SECUNDARIA - MEDIA,CGTO. EL HORMIGUERO ,KILOMETRO 4 VÍA CALI JAMUNDÍ CALLEJON PÍO XII,555 3130
51,17600101330102,CAÑAS GORDAS ,ACADEMICA,PRIMARIA,CASERIO VALLE DEL LILI ,CARRERA 102 #21-81,312 9031
52,276001004889,I.E EL HORMIGUERO ,ACADEMICA - MEDIA TECNICA,PRIMARIA - ACELERACIÓN - SECUNDARIA - MEDIA,VEREDA CASCAJAL,VEREDA CASCAJAL CASA #210,(572) 5553932
52,27600100488902,ANTONIO VILLAVICENCIO,ACADEMICA,PRIMARIA - ACELERACIÓN - SECUNDARIA - CICLOS EDUCACIÓN PARA ADULTOS,EL HORMIGUERO ,CORREGIMIENTO EL HORMIGUERO CASA # 203,(572) 5553932
52,27600100488903,TULIA BORRERO MERCADO,ACADEMICA,PRIMARIA,VEREDA MORGA,VEREDA MORGA CASA # 05,(572) 5553932
53,276001008574,I.E PANCE -PRINCIPAL ,MEDIA TECNICA,SECUNDARIA - MEDIA,VEREDA LA VORAGINE ,DOS CUADRA ARRIBA DEL PUENTE DE LA VEREDA LA VORAGINE ,(572) 5550136
53,27600100857402,PIO XII,ACADEMICA,PRIMARIA,VEREDA LA VORAGINE ,ENSEGUIDA DE LA ESTACIÓN DE POLICIA VEREDA LA VORAGINE ,(572) 5574640
53,27600100857403,REPÚBLICA DE SANTO DOMINGO,ACADEMICA - MEDIA TECNICA,PRIMARIA - SECUNDARIA - MEDIA,PANCE CABECERA,FRENORTE A LA CANCHA DE FUTBOL PUEBLO PANCE,(572) 5550136
53,27600100857405,LAUREANO GOMEZ,ACADEMICA,PRIMARIA,VEREDA EL BANQUEO,FRENORTE A LA CANCHA DE FUTBOL VEREDA EL BANQUEO,(572) 5550136
53,27600100857406,SAN FRANCISCO,ACADEMICA,PRIMARIA,VEREDA SAN FRANCISCO,FRENORTE DEL BALNEARIO LA BOMBONERA ,(572) 5550136
54,276001005184,I.E LA BUITRERA,ACADEMICA,PRIMARIA - ACELERACIÓN - SECUNDARIA - MEDIA - CICLOS EDUCACIÓN PARA ADULTOS,CORREGIMIENTO LA BUITRERA,EL PLAN,(572) 3259132
54,27600100518402,CENTRO DOCENTE LOS COMUNEROS,ACADEMICA,PRIMARIA - SECUNDARIA - MEDIA,CORREGIMIENTO LA BUITRERA,ROSARIO,(572) 5529828
54,27600100518403,CENTRO DOCENTE SOLEDAD ACOSTA DE SAMPER,ACADEMICA,PRIMARIA,CORREGIMIENTO LA BUITRERA,OTOÑO,(572) 3273316
54,27600100518404,CENTRO DOCENTE NUESTRA SEÑORA DE LAS LAJAS,ACADEMICA,PRIMARIA - SECUNDARIA - MEDIA - CICLOS EDUCACIÓN PARA ADULTOS,CORREGIMIENTO LA BUITRERA,PARTE MEDIA ,(572) 4228578
55,276001005133,I.E VILLACARMELO - CACIQUE CALARCA,MEDIA TECNICA,PRIMARIA - SECUNDARIA - MEDIA - CICLOS EDUCACIÓN PARA ADULTOS,CORREGIMIENTO VILLACARMELO, CABECERA,(572) 5517522
55,27600100513302,NUESTRA SEÑORA DEL CARMEN,ACADEMICA,PRIMARIA - ACELERACIÓN,CORREGIMIENTO VILLACARMELO,VEREDA LA FONDA,(572) 5517522
56,276001011184,I.E LOS ANDES - TIERRA DE HOMBRES,ACADEMICA - CASD,PRIMARIA - SECUNDARIA - MEDIA,CORREGIMIENTO LOS ANDES,KILOMETRO 11 VÍA YANACONAS  VEREDA CABUYA  SECTOR VENTIADEROS,(572) 5502013
56,27600101118402,JUAN PABLO I,ACADEMICA,PRIMARIA - SECUNDARIA - MEDIA,CORREGIMIENTO LOS ANDES,VEREDA LOS CÁRPATOS,337-47-46
56,27600101118403,FRANCISCO JOSÉ DE CALDAS,ACADEMICA,PRIMARIA - SECUNDARIA,CORREGIMIENTO LOS ANDES,CABECERA ANDES,(572) 6626957 - (572) 6622018
57,276001022267,I.E PICHINDE - JOSE HOLGUIN GARCES ,ACADEMICA - MEDIA TECNICA,SECUNDARIA - MEDIA - CICLOS EDUCACIÓN PARA ADULTOS,CORREGIMIENTO PICHINDE ,CORREGIMIENTO PICHINDE ,(572) 5559065 - (572) 5552745
57,27600102226702,SERGIO CANTILLO,ACADEMICA,PRIMARIA,CORREGIMIENTO PICHINDE ,CORREGIMIENTO PICHINDE ,(572) 6805606
57,27600102226703,LA INMACULADA CONCEPCION ,ACADEMICA,PRIMARIA,CORREGIMIENTO PICHINDE ,CORREGIMIENTO PICHINDE ,(572) 6649121
58,476001020719,I.E LA LEONERA - ITAF ,ACADEMICA - MEDIA TECNICA,PRIMARIA - SECUNDARIA - MEDIA - CICLOS EDUCACIÓN PARA ADULTOS,LA LEONERA,LOS HOGARES -  LALEONERA,(572) 2560507
58,147600102071902,JORGE ELIECER GAITAN ,ACADEMICA,PRIMARIA, VEREDA EL PORVENIR,VEREDA EL PORVENIR,337-47-46
58,147600102071903,JUAN DE LOS BARRIOS,ACADEMICA,PRIMARIA,VEREDA EL PAJUIL,VEREDA EL PAJUIL,337-47-46
59,276001012831,I.E FELIDIA,ACADEMICA - MEDIA TECNICA,SECUNDARIA - MEDIA - CICLOS EDUCACIÓN PARA ADULTOS,CABECERA ,CORREGIMIENTO DE FELIDIA,(57) 3216426294
59,27600101283102,REPUBLICA DE CUBA,ACADEMICA,PRIMARIA,CABECERA ,CORREGIMIENTO DE FELIDIA,338-14-42
59,27600101283103,CRISTOBAL COLON,ACADEMICA,PRIMARIA, VEREDA EL DIAMANTE,CORREGIMIENTO DE FELIDIA,(572) 8934540
60,276001010994,I. E FRANCISCO JOSE LLOREDA MERA,MEDIA TECNICA,SECUNDARIA - MEDIA - CICLOS EDUCACIÓN PARA ADULTOS,EL SALADITO,KILOMETRO 14 VIA AL MAR,(572) 5501285
60,27600101099402,IGNACIO HERRERA Y VERGARA,ACADEMICA,PRIMARIA,LA ELVIRA,VEREDA ALTO GUACATAL,(572) 5501285
60,27600101099403,FRANCISCO MIRANDA,ACADEMICA,PRIMARIA,EL SALADITO,KILOMETRO 18 VIA AL MAR,(572) 5501285
60,27600101099404,LUIS FERNANDO LLOREDA ZAMORANO,ACADEMICA,PRIMARIA - ACELERACIÓN - SECUNDARIA,EL SALADITO,KILOMETRO 14 VIA AL MAR,(572) 5501285
60,27600101099405,BOYACA,ACADEMICA,PRIMARIA - CICLOS EDUCACIÓN PARA ADULTOS,LA ELVIRA,CORREGIMIENTO LA ELVIRA,(572) 5501285
60,27600101099406,NUEVA SAN FRANCISCO,ACADEMICA,PRIMARIA,LA ELVIRA,VEREDA LOS LAURELES,(572) 5501285
63,276001042756,I.E LA PAZ - SAAVEDRA GALINDO,ACADEMICA,SECUNDARIA,CORREGIMIENTO LA PAZ,CORREGIMIENTO LA PAZ,(572) 5215079
63,27600104275602,VILLA DEL ROSARIO,MEDIA TECNICA,MEDIA,CORREGIMIENTO LA PAZ,CORREGIMIENTO LA PAZ,(572) 5215079
63,27600104275603,JORGE ROBLEDO,ACADEMICA,PRIMARIA,CORREGIMIENTO LA PAZ,CORREGIMIENTO LA PAZ,(572) 5215079
63,27600104275604,SAGRADO CORAZON DE JESUS,ACADEMICA,PRIMARIA,CORREGIMIENTO LA CASTILLA,CORREGIMIENTO LA CASTILLA,338-14-42
63,27600104275605,LA GRANJA,ACADEMICA,SECUNDARIA,CORREGIMIENTO LA CASTILLA,CORREGIMIENTO LA CASTILLA,(572) 6649121
64,276001011354,I.E MONTEBELLO - ANTONIO RICAURTE,ACADEMICA,SECUNDARIA - MEDIA,MONTEBELLO,AVENIDA 43 OESTE #5A-49,(572) 8888760
64,27600101135402,SAN PEDRO APOSTOL,ACADEMICA,PRIMARIA - CICLOS EDUCACIÓN PARA ADULTOS,MONTEBELLO,AVENIDA LOS ESTUDIANORTES,338-14-42
64,27600101135403,ANDRES JOAQUIN LENNIS,ACADEMICA,PRIMARIA - CICLOS EDUCACIÓN PARA ADULTOS,MONTEBELLO,VEREDA CAMPOALEGRE,3325710 - 3328642
65,276001022232,I.E GOLONDRINAS ,CASD,SECUNDARIA - MEDIA,SECTOR CENTRO,CORREGIMIENTO GOLONDRINAS,(572) 5502626
65,27600102223202,ANTONIO BARBERENA,ACADEMICA,PRIMARIA,SECTOR CENTRO,CORREGIMIENTO GOLONDRINAS,3325710 - 3328642
3,17600100181805,SANTIAGO DE CALI,ACADEMICA,PRIMARIA - ACELERACIÓN,SAN NICOLAS,CALLE7 #7-74,(572) 3235588
